decision_id,age,experience_level,years_experience,urgency_level,decision_type,abroad_intent,important_score,complexity,time_pressure,effective_info_quality,risk_aversion,confidence_level,numbers_of_options,time_spent,uncert_level,regret_index
1,24,Expert,10,8,health,No,10.0,5.1,2.5,6.2,8.7,8.7,7,104,2.6,100.0
2,37,Intermediate,2,10,health,No,8.8,6.0,8.3,3.4,5.8,5.9,7,107,5.9,100.0
3,32,Intermediate,2,1,finance,Yes,8.9,9.4,1.0,6.3,3.3,4.2,13,207,6.4,100.0
4,28,Intermediate,2,5,travel,No,7.2,7.8,5.1,3.4,5.0,6.5,6,118,8.4,100.0
5,25,Beginner,1,3,education,Yes,6.5,6.7,1.8,8.1,3.0,6.5,8,120,6.0,100.0
6,38,Beginner,0,4,purchase,No,5.5,3.2,1.0,6.1,3.7,6.3,10,129,3.8,100.0
7,24,Beginner,1,2,purchase,No,9.1,3.2,1.0,7.0,6.8,4.4,9,136,2.3,100.0
8,43,Beginner,1,9,relationship,Yes,5.6,6.4,7.7,4.5,3.7,5.8,7,136,4.4,100.0
9,36,Beginner,0,3,education,No,9.8,7.5,1.0,5.3,8.2,4.7,8,168,6.4,100.0
10,40,Beginner,0,2,purchase,No,5.2,6.3,1.0,6.6,5.9,4.5,9,135,5.8,100.0
11,28,Intermediate,2,10,purchase,No,8.5,4.0,6.2,4.0,6.2,7.0,10,94,4.2,100.0
12,28,Beginner,1,9,education,No,3.8,4.7,1.0,5.5,5.4,2.7,6,113,4.9,100.0
13,41,Intermediate,4,7,finance,Yes,9.2,8.7,7.4,4.2,7.5,7.0,6,161,6.0,100.0
14,38,Advanced,6,6,education,Yes,6.1,6.0,2.4,5.2,7.6,7.9,7,125,4.9,100.0
15,21,Intermediate,3,1,career,No,4.2,6.2,1.5,2.3,6.7,3.3,11,146,4.3,100.0
16,25,Intermediate,2,5,finance,No,7.4,9.6,3.1,9.0,7.1,5.6,7,185,4.5,100.0
17,41,Beginner,0,3,finance,Yes,10.0,9.6,4.1,4.6,5.6,4.9,13,186,6.7,100.0
18,20,Beginner,0,1,travel,No,4.7,7.1,1.3,8.3,7.1,7.2,12,153,5.9,100.0
19,39,Beginner,0,4,education,Yes,4.6,5.3,2.2,8.1,5.3,6.3,8,103,3.0,100.0
20,38,Beginner,0,2,purchase,No,5.6,5.1,1.0,3.4,6.0,5.8,10,133,5.9,100.0
21,19,Beginner,0,2,purchase,No,5.6,6.5,2.7,3.8,5.5,8.6,12,140,5.7,100.0
22,41,Beginner,1,3,health,Yes,9.5,8.0,1.0,10.0,5.1,6.4,14,178,6.1,100.0
23,29,Beginner,1,8,travel,No,8.3,9.0,6.3,9.7,4.6,3.9,4,129,7.2,100.0
24,23,Beginner,1,8,relationship,No,6.4,8.3,3.3,6.1,6.9,7.7,3,123,5.6,100.0
25,19,Intermediate,4,7,relationship,No,10.0,8.9,6.7,7.2,8.6,10.0,7,132,4.4,100.0
26,45,Beginner,1,6,career,No,7.4,7.5,4.2,4.9,8.3,6.4,8,149,5.3,100.0
27,38,Intermediate,3,9,purchase,No,5.1,5.7,6.9,7.4,3.5,4.7,6,137,4.6,100.0
28,18,Intermediate,3,4,purchase,No,2.6,7.1,2.7,5.1,8.6,5.8,2,109,5.4,100.0
29,29,Intermediate,3,1,relationship,No,6.0,6.9,1.0,2.4,5.4,2.9,4,145,8.2,100.0
30,43,Beginner,1,8,career,No,6.3,6.2,3.7,3.5,7.2,6.4,4,132,6.5,100.0
31,39,Advanced,7,7,education,No,8.5,5.8,5.7,7.2,4.2,4.7,5,123,5.6,100.0
32,29,Intermediate,2,7,career,No,7.9,7.4,4.8,4.1,6.3,4.9,11,166,8.2,100.0
33,42,Beginner,1,3,purchase,Yes,4.4,3.5,4.0,6.0,6.6,4.0,9,107,6.7,100.0
34,34,Advanced,8,4,travel,No,6.7,6.6,3.3,5.2,3.0,7.2,6,139,5.5,100.0
35,44,Expert,12,10,relationship,No,7.8,8.0,4.9,6.4,7.2,7.3,2,110,6.8,100.0
36,44,Beginner,0,9,finance,No,10.0,4.0,4.5,7.7,8.7,6.8,7,66,3.0,100.0
37,27,Beginner,0,6,purchase,No,7.6,7.3,4.1,6.5,5.7,6.1,10,166,6.9,100.0
38,45,Advanced,8,5,education,No,8.1,8.3,1.0,7.3,8.7,5.7,12,161,7.0,100.0
39,45,Advanced,7,3,health,No,7.5,7.1,4.8,8.9,5.6,9.3,2,89,4.9,100.0
40,33,Beginner,0,9,travel,No,7.2,7.7,6.6,7.0,7.7,6.1,9,156,5.6,100.0
41,32,Beginner,1,5,career,Yes,10.0,7.8,5.3,9.1,1.6,5.1,11,168,4.3,100.0
42,32,Intermediate,2,5,health,No,4.7,9.8,1.0,5.4,10.0,10.0,4,126,4.3,100.0
43,36,Intermediate,4,4,purchase,No,5.1,6.4,4.7,5.8,9.0,7.4,10,149,4.9,100.0
44,29,Intermediate,3,4,education,No,5.1,4.3,6.4,3.9,5.4,5.3,12,151,7.1,100.0
45,40,Intermediate,2,1,career,Yes,8.8,8.7,1.0,5.5,2.1,8.8,14,179,5.4,100.0
46,37,Intermediate,4,7,education,Yes,10.0,7.0,5.9,8.6,6.6,10.0,11,183,4.6,100.0
47,42,Advanced,8,9,health,No,6.2,7.9,5.9,9.9,3.1,8.3,4,101,5.0,100.0
48,20,Beginner,0,3,relationship,Yes,2.7,5.8,1.0,7.9,6.9,7.2,13,196,3.7,100.0
49,22,Beginner,0,2,career,No,6.2,9.8,2.1,2.4,6.8,2.6,6,156,10.0,100.0
50,36,Advanced,8,3,education,No,8.4,8.2,3.4,9.5,4.1,8.1,4,135,1.0,100.0
51,24,Advanced,6,1,career,No,8.1,5.8,1.0,3.3,8.2,5.5,6,82,4.6,100.0
52,38,Intermediate,2,6,finance,No,7.9,5.4,5.9,8.1,7.6,7.3,10,133,2.6,100.0
53,26,Intermediate,4,7,finance,No,6.4,6.9,1.7,5.9,8.0,7.2,5,127,4.2,100.0
54,24,Beginner,1,2,education,Yes,5.0,8.0,1.0,7.6,6.0,7.7,9,158,5.4,100.0
55,35,Intermediate,2,8,purchase,No,6.8,5.2,5.4,3.7,3.2,5.8,4,86,5.9,100.0
56,21,Intermediate,3,6,education,No,4.9,8.5,3.9,8.8,8.0,4.9,4,119,6.0,100.0
57,42,Beginner,1,4,finance,No,10.0,8.8,1.4,3.2,5.5,3.2,6,172,8.7,100.0
58,45,Beginner,1,5,health,Yes,9.5,10.0,4.6,4.8,3.2,4.5,11,197,6.5,100.0
59,31,Intermediate,4,8,health,Yes,7.2,9.1,6.1,4.7,8.7,5.5,11,213,5.6,100.0
60,35,Beginner,1,3,education,No,5.4,4.3,3.4,2.7,10.0,6.9,4,76,5.7,100.0
61,43,Intermediate,2,3,education,No,6.4,6.2,1.7,6.5,5.9,4.0,9,130,4.7,100.0
62,26,Beginner,1,4,career,No,6.5,8.7,3.6,9.8,10.0,6.6,12,201,2.9,100.0
63,43,Intermediate,4,1,purchase,No,8.0,4.7,1.0,10.0,6.2,9.8,9,91,3.3,100.0
64,38,Beginner,1,9,career,Yes,8.4,8.6,9.3,5.7,5.2,5.3,6,127,8.2,100.0
65,19,Advanced,6,8,health,Yes,6.9,8.1,3.8,9.2,4.7,8.9,13,205,6.1,100.0
66,37,Intermediate,3,8,finance,No,10.0,5.9,8.8,6.3,9.3,6.2,11,125,5.1,100.0
67,45,Intermediate,4,10,finance,No,7.1,7.3,6.6,7.7,4.4,7.6,3,83,5.5,100.0
68,32,Advanced,8,6,finance,Yes,9.5,8.8,1.6,6.6,7.5,7.0,13,227,7.5,100.0
69,45,Intermediate,3,7,health,No,6.2,6.8,6.9,6.9,4.9,8.0,3,84,3.9,100.0
70,24,Beginner,1,6,finance,No,7.7,7.1,4.1,7.2,5.1,3.4,10,159,7.2,100.0
71,29,Intermediate,2,9,purchase,No,6.4,3.3,7.3,4.5,8.1,4.9,8,99,5.0,100.0
72,25,Intermediate,4,3,relationship,No,2.7,8.0,4.0,6.5,5.2,7.3,7,97,6.6,100.0
73,32,Advanced,6,3,career,No,10.0,6.5,2.5,6.9,5.2,8.2,8,132,4.7,100.0
74,20,Intermediate,4,3,purchase,No,8.4,7.1,1.0,8.3,8.3,10.0,9,158,5.3,100.0
75,31,Beginner,1,10,finance,No,6.2,9.9,8.2,3.3,9.2,4.3,2,148,8.5,100.0
76,34,Beginner,1,3,relationship,No,4.3,6.1,2.0,6.1,7.3,9.0,9,153,2.6,100.0
77,21,Intermediate,3,9,purchase,No,6.5,3.2,7.0,9.6,4.7,6.3,4,65,4.2,100.0
78,35,Intermediate,3,4,finance,No,7.2,4.2,1.0,8.8,5.0,10.0,4,97,1.1,100.0
79,25,Intermediate,2,7,career,No,7.7,4.6,5.3,9.0,6.2,8.9,7,95,4.2,100.0
80,21,Intermediate,2,9,finance,No,7.4,5.3,4.8,6.4,6.6,4.5,5,78,4.9,100.0
81,19,Expert,9,7,travel,No,7.4,9.0,7.4,7.4,4.0,8.5,5,125,6.7,100.0
82,23,Intermediate,4,9,health,Yes,10.0,8.8,6.9,8.7,7.4,7.3,7,131,6.4,100.0
83,39,Beginner,0,3,purchase,No,6.9,5.4,2.4,9.1,6.2,8.2,11,159,3.7,100.0
84,27,Beginner,0,4,health,No,5.3,4.2,3.4,2.1,2.6,4.0,10,94,6.8,100.0
85,21,Beginner,0,8,career,No,9.7,5.1,3.5,3.4,4.1,4.3,9,130,6.5,100.0
86,39,Beginner,1,6,relationship,No,9.8,7.6,6.7,8.8,5.0,9.7,4,121,1.5,100.0
87,35,Beginner,1,5,purchase,Yes,10.0,6.1,6.6,5.6,5.9,5.7,4,105,5.5,100.0
88,43,Beginner,1,4,career,No,4.8,6.8,3.3,4.8,9.8,7.3,2,128,4.2,100.0
89,29,Beginner,1,8,finance,Yes,8.5,9.2,7.9,3.0,6.5,4.5,4,137,8.2,100.0
90,19,Beginner,0,1,finance,No,2.8,10.0,1.0,4.9,4.3,8.8,5,171,5.2,100.0
91,27,Advanced,7,9,relationship,No,7.6,5.8,4.5,4.4,6.4,5.1,7,123,4.4,100.0
92,21,Beginner,1,1,travel,No,5.3,6.9,1.0,10.0,5.3,6.2,5,120,6.0,100.0
93,31,Intermediate,2,8,career,No,10.0,7.3,5.9,6.3,6.6,9.3,12,211,6.0,100.0
94,33,Intermediate,4,4,health,No,5.9,10.0,1.9,6.6,7.2,5.8,12,176,6.7,100.0
95,32,Expert,12,9,career,No,3.6,3.6,6.8,9.2,8.4,10.0,4,101,2.1,96.8
96,25,Beginner,1,5,travel,No,5.5,7.9,3.8,8.1,6.0,8.5,9,171,4.3,100.0
97,31,Intermediate,2,3,career,No,3.0,6.8,1.0,8.2,9.3,6.7,9,137,5.2,100.0
98,40,Expert,11,9,relationship,No,8.0,7.1,6.7,10.0,7.8,5.4,7,167,3.5,100.0
99,45,Advanced,8,9,purchase,No,1.7,3.7,7.3,5.4,4.6,6.9,10,82,5.3,100.0
100,42,Advanced,7,4,purchase,No,5.9,4.7,2.9,6.6,10.0,7.4,11,123,3.7,100.0
101,25,Beginner,1,4,relationship,No,2.3,7.3,4.6,7.7,6.7,8.9,2,88,3.9,100.0
102,38,Beginner,1,8,finance,No,6.4,10.0,3.1,5.1,4.3,8.9,9,191,6.5,100.0
103,33,Intermediate,2,2,relationship,No,9.8,7.5,2.1,6.3,9.3,4.9,7,122,5.2,100.0
104,30,Expert,12,9,finance,Yes,8.7,6.9,3.9,8.8,10.0,10.0,4,125,3.9,100.0
105,35,Intermediate,2,6,finance,No,5.3,6.8,2.0,7.9,5.9,8.4,5,119,3.6,100.0
106,32,Intermediate,2,9,relationship,No,6.4,5.5,4.8,2.8,5.0,7.2,6,103,6.3,100.0
107,38,Beginner,1,8,finance,No,7.0,4.6,3.6,7.6,5.7,7.6,8,121,5.0,100.0
108,41,Advanced,5,7,finance,No,7.9,7.0,3.6,6.4,7.4,2.9,9,143,5.3,100.0
109,43,Beginner,1,1,purchase,No,3.1,6.0,1.0,7.6,8.6,6.3,10,122,4.3,100.0
110,42,Intermediate,3,3,travel,Yes,8.6,5.6,3.4,8.1,7.1,4.8,9,181,5.0,100.0
111,45,Intermediate,3,2,health,No,2.0,9.5,1.0,9.7,6.2,7.2,11,181,4.5,100.0
112,45,Intermediate,3,5,career,Yes,6.7,8.6,1.0,9.2,9.0,9.4,12,145,4.8,100.0
113,45,Beginner,1,5,career,No,6.0,5.8,5.2,8.9,5.4,7.6,5,95,4.3,100.0
114,30,Beginner,0,5,travel,No,7.7,6.6,1.8,8.9,8.1,9.2,9,120,4.9,100.0
115,26,Intermediate,2,4,finance,No,7.0,10.0,2.5,6.9,5.4,7.2,4,169,5.6,100.0
116,32,Beginner,0,5,career,Yes,5.2,9.0,4.0,6.1,6.9,3.3,7,165,6.0,100.0
117,30,Intermediate,3,3,health,No,5.4,7.8,2.3,8.2,5.8,2.1,11,177,5.7,100.0
118,18,Beginner,1,1,health,No,7.8,7.4,2.5,7.6,5.9,6.9,5,122,3.8,100.0
119,42,Intermediate,3,5,health,No,7.2,7.9,4.1,5.9,5.2,5.9,7,142,6.7,100.0
120,24,Intermediate,2,9,finance,Yes,6.8,7.5,4.4,7.1,8.7,4.6,12,165,4.3,100.0
121,26,Beginner,1,9,career,Yes,7.0,4.4,9.6,5.4,4.5,2.4,9,116,8.3,100.0
122,41,Intermediate,2,4,travel,No,7.8,10.0,2.9,4.6,4.5,4.2,2,157,9.4,100.0
123,18,Beginner,0,3,finance,No,6.0,7.7,1.7,8.6,10.0,6.4,6,145,4.9,100.0
124,29,Beginner,1,1,purchase,No,5.6,5.4,2.3,6.3,8.0,7.4,10,144,5.4,100.0
125,25,Expert,9,2,purchase,No,10.0,4.7,1.7,10.0,1.2,9.1,6,111,1.0,100.0
126,41,Intermediate,3,8,health,No,4.6,6.6,5.9,3.2,4.9,8.6,7,147,8.7,100.0
127,28,Advanced,5,1,finance,No,3.3,7.2,4.9,5.7,2.4,4.5,4,126,5.4,100.0
128,36,Beginner,0,8,finance,No,8.6,4.9,4.7,6.1,4.1,7.6,9,130,4.0,100.0
129,34,Intermediate,3,7,health,No,6.0,10.0,4.0,8.8,1.0,7.4,11,217,3.3,100.0
130,25,Advanced,7,8,education,No,6.0,4.5,5.4,8.0,5.7,9.1,12,124,3.6,100.0
131,20,Intermediate,2,6,travel,No,4.8,5.1,5.7,7.0,3.7,5.6,5,86,3.1,100.0
132,20,Intermediate,2,9,career,No,6.5,6.3,3.3,4.1,6.1,7.7,5,94,5.6,100.0
133,18,Intermediate,2,3,career,No,10.0,9.1,1.0,4.0,2.7,6.1,12,194,6.5,100.0
134,44,Intermediate,4,10,travel,No,8.0,6.8,5.5,7.3,6.2,5.6,6,95,3.8,100.0
135,22,Expert,11,4,purchase,No,7.5,2.8,1.0,5.1,5.2,7.3,11,118,2.7,100.0
136,27,Advanced,8,6,education,No,3.8,8.5,3.2,6.3,9.0,6.8,10,170,6.2,100.0
137,24,Expert,10,8,finance,No,4.7,8.7,6.1,8.7,8.8,9.4,9,188,3.0,100.0
138,43,Beginner,0,5,health,No,1.7,8.7,1.7,4.0,7.6,2.8,8,150,6.9,100.0
139,26,Advanced,6,3,purchase,Yes,5.2,6.7,1.0,10.0,5.3,8.2,8,135,4.3,100.0
140,45,Expert,12,6,purchase,Yes,8.7,9.4,4.0,10.0,10.0,10.0,12,215,7.4,100.0
141,24,Beginner,1,4,relationship,Yes,8.5,10.0,4.1,3.0,2.9,5.0,12,227,8.8,100.0
142,26,Beginner,0,9,career,No,6.6,5.9,3.0,4.1,3.2,7.9,11,135,4.1,100.0
143,25,Advanced,6,3,health,No,7.4,10.0,3.3,2.4,5.8,7.1,11,199,7.4,100.0
144,29,Intermediate,4,4,finance,Yes,6.6,8.9,4.0,5.1,10.0,6.2,5,152,6.7,100.0
145,19,Advanced,6,7,relationship,No,6.9,7.0,6.2,8.5,5.6,8.2,5,131,3.7,100.0
146,18,Beginner,0,7,travel,No,7.9,4.1,6.6,5.2,5.6,6.2,9,108,5.6,100.0
147,33,Advanced,7,4,relationship,No,3.3,5.9,6.3,8.1,3.1,8.6,2,116,4.0,100.0
148,40,Beginner,1,6,education,No,7.2,5.2,3.3,3.1,7.9,1.4,6,74,8.0,100.0
149,40,Beginner,1,3,career,No,8.9,8.3,2.1,7.8,7.9,6.0,9,156,5.1,100.0
150,41,Beginner,0,6,purchase,No,5.0,6.5,3.2,4.9,7.6,2.5,3,114,8.2,100.0
151,22,Advanced,8,2,travel,Yes,8.8,4.3,1.3,7.4,4.7,10.0,5,100,2.7,100.0
152,20,Intermediate,3,8,career,Yes,10.0,7.8,7.8,5.6,4.6,6.1,11,194,4.8,100.0
153,29,Intermediate,4,2,career,No,6.8,8.8,1.0,4.1,3.4,5.5,11,203,9.8,100.0
154,25,Intermediate,2,7,relationship,Yes,8.3,6.7,3.1,4.0,6.2,7.3,12,157,3.6,100.0
155,39,Advanced,6,9,career,No,5.5,8.2,8.2,8.2,3.8,8.5,8,179,3.8,100.0
156,44,Intermediate,3,1,purchase,No,6.2,5.4,2.4,7.3,3.6,4.5,9,115,4.0,100.0
157,20,Advanced,6,8,education,No,7.5,7.0,4.6,9.1,5.2,7.8,6,147,7.0,100.0
158,18,Intermediate,2,7,relationship,Yes,7.9,6.6,6.0,7.0,5.0,5.9,4,145,7.2,100.0
159,20,Intermediate,4,6,finance,No,5.0,5.6,4.5,7.0,4.9,3.4,5,129,7.0,100.0
160,22,Intermediate,3,6,relationship,No,6.9,4.4,6.5,3.0,6.9,3.9,3,83,5.5,100.0
161,32,Intermediate,3,6,purchase,No,8.7,5.9,4.0,6.0,6.2,6.0,4,99,8.0,100.0
162,31,Advanced,6,9,career,Yes,8.9,7.8,7.6,6.2,5.4,6.7,6,112,6.1,100.0
163,20,Intermediate,3,2,health,No,9.3,7.6,5.8,10.0,6.4,4.8,10,167,5.9,100.0
164,18,Beginner,1,1,health,No,6.9,7.1,1.7,7.5,4.0,8.9,11,141,4.6,100.0
165,22,Advanced,7,6,health,No,8.9,7.3,4.0,10.0,6.2,8.2,5,113,3.7,100.0
166,43,Intermediate,4,10,finance,No,7.6,9.2,7.7,7.2,6.3,7.0,3,117,5.6,100.0
167,40,Intermediate,3,8,purchase,Yes,4.9,5.1,4.6,5.1,3.0,6.8,6,98,4.5,100.0
168,31,Advanced,5,3,career,Yes,8.6,5.7,6.0,7.1,8.0,5.5,6,113,5.4,100.0
169,24,Intermediate,4,10,career,No,5.0,8.2,6.8,7.1,4.2,7.8,8,161,5.7,100.0
170,44,Beginner,0,1,education,No,5.3,6.2,1.0,4.1,6.2,4.5,9,127,6.2,100.0
171,26,Expert,11,9,purchase,No,6.2,4.9,4.4,7.1,8.3,6.3,12,159,6.0,100.0
172,32,Intermediate,3,1,career,No,7.6,9.6,2.5,6.1,7.9,7.5,7,163,2.7,100.0
173,32,Intermediate,4,3,finance,Yes,5.6,8.3,3.4,9.9,6.1,10.0,7,137,4.4,100.0
174,43,Beginner,1,8,finance,No,9.1,8.0,4.4,2.0,5.3,6.1,7,152,8.2,100.0
175,27,Advanced,7,3,finance,No,8.1,5.6,2.9,9.6,7.9,10.0,12,185,4.1,100.0
176,45,Intermediate,3,4,finance,No,5.6,7.1,1.0,4.6,7.3,4.8,2,114,6.3,100.0
177,30,Intermediate,3,8,career,No,3.9,8.0,5.5,3.8,4.8,2.4,11,165,7.9,100.0
178,36,Advanced,8,1,relationship,No,6.2,3.7,1.4,9.7,4.4,10.0,9,81,3.0,100.0
179,24,Advanced,6,6,purchase,No,4.9,5.1,6.8,8.5,1.9,10.0,2,80,4.6,100.0
180,34,Beginner,1,1,health,No,7.6,8.0,1.0,8.7,6.3,10.0,6,146,3.7,100.0
181,37,Intermediate,3,1,purchase,No,5.1,4.9,1.0,8.1,5.8,6.4,3,79,4.1,100.0
182,21,Beginner,0,8,career,No,3.0,8.7,3.7,10.0,8.3,4.9,7,126,7.2,100.0
183,22,Advanced,6,4,travel,No,5.6,7.3,1.0,8.1,6.7,5.5,10,143,2.5,100.0
184,40,Beginner,0,1,education,Yes,7.0,9.7,2.9,5.7,8.7,2.4,8,200,6.9,100.0
185,24,Intermediate,2,10,education,No,7.9,4.9,9.1,6.3,4.6,6.1,5,125,6.2,100.0
186,30,Advanced,6,7,education,Yes,6.2,7.5,5.1,9.5,8.3,10.0,5,114,4.9,100.0
187,32,Advanced,5,5,travel,No,9.8,6.9,5.3,5.3,4.9,6.1,4,129,6.4,100.0
188,28,Intermediate,4,5,health,No,3.6,6.1,3.5,5.4,7.6,6.9,7,104,4.6,100.0
189,21,Advanced,6,1,finance,No,9.6,9.0,1.0,6.4,3.1,9.7,9,198,4.3,100.0
190,30,Beginner,0,10,health,Yes,8.0,10.0,5.9,1.8,6.5,3.6,11,200,8.3,100.0
191,24,Advanced,6,6,purchase,No,7.5,4.8,3.4,7.3,2.0,10.0,6,120,5.0,100.0
192,44,Beginner,1,9,purchase,No,6.0,5.6,3.2,2.4,5.5,8.7,6,82,4.7,100.0
193,36,Intermediate,3,9,health,No,9.7,7.9,6.3,6.6,6.9,6.3,11,183,5.8,100.0
194,39,Advanced,6,8,career,No,6.2,5.9,5.1,8.7,5.0,6.7,4,104,3.0,100.0
195,45,Beginner,0,5,finance,No,4.8,4.6,4.5,5.0,3.9,6.9,8,128,5.6,100.0
196,19,Beginner,1,1,education,Yes,10.0,6.2,1.0,9.5,7.7,6.6,9,155,3.2,100.0
197,27,Advanced,7,9,health,Yes,8.2,6.4,5.6,4.2,5.8,4.1,4,112,6.2,100.0
198,30,Advanced,7,1,health,No,7.8,10.0,1.0,9.5,5.0,10.0,5,149,2.6,100.0
199,42,Intermediate,2,8,finance,No,9.5,7.3,5.3,7.7,6.1,9.2,7,154,2.4,100.0
200,38,Intermediate,3,5,finance,No,4.9,6.9,4.5,3.1,10.0,5.6,12,164,6.7,100.0
201,23,Intermediate,2,3,education,Yes,8.8,8.7,1.0,10.0,8.3,5.1,9,153,3.6,100.0
202,45,Beginner,0,7,purchase,No,4.6,3.0,4.7,5.9,8.3,3.3,12,101,7.0,100.0
203,45,Intermediate,2,7,purchase,No,5.5,3.6,4.9,4.6,6.9,5.9,4,50,2.1,100.0
204,29,Beginner,1,9,relationship,No,6.6,6.3,4.6,3.4,6.3,4.1,7,119,5.7,100.0
205,29,Advanced,8,7,health,Yes,5.4,10.0,3.6,6.9,1.2,6.8,13,228,6.4,100.0
206,37,Intermediate,2,3,finance,Yes,6.4,9.1,2.3,6.1,4.6,8.3,9,176,5.5,100.0
207,28,Intermediate,3,1,purchase,No,8.5,5.2,1.0,6.7,5.0,8.1,10,123,2.7,100.0
208,43,Intermediate,2,8,relationship,No,8.3,6.3,5.8,5.7,2.3,8.8,10,160,3.5,100.0
209,40,Expert,11,3,relationship,No,6.4,6.8,1.0,9.1,3.7,6.8,3,95,3.0,100.0
210,45,Beginner,1,8,health,Yes,8.9,8.9,7.0,4.7,2.0,4.9,7,161,6.8,100.0
211,42,Intermediate,2,8,travel,No,5.8,5.2,9.2,1.8,5.9,6.2,10,129,8.5,100.0
212,24,Intermediate,2,5,career,No,9.7,7.1,1.8,6.0,7.6,7.1,5,139,5.4,100.0
213,18,Intermediate,4,1,education,No,6.2,4.8,1.6,1.9,8.2,8.2,9,93,6.9,100.0
214,18,Beginner,1,10,finance,No,7.5,7.6,5.3,6.9,6.8,7.2,11,152,5.8,100.0
215,42,Advanced,8,7,relationship,No,8.8,5.4,6.3,5.4,4.1,10.0,4,70,5.4,100.0
216,44,Expert,10,10,career,Yes,6.4,10.0,4.3,8.0,2.1,9.3,6,161,2.0,100.0
217,42,Intermediate,2,5,finance,No,10.0,7.4,4.1,9.0,2.5,9.3,10,181,3.5,100.0
218,37,Intermediate,4,8,health,No,4.3,5.6,3.7,4.8,3.5,5.4,12,140,7.0,100.0
219,30,Expert,10,9,career,No,10.0,6.8,5.5,9.8,4.2,8.9,11,148,2.7,100.0
220,26,Advanced,8,7,relationship,No,5.8,7.0,2.8,6.5,5.7,9.2,9,164,6.7,100.0
221,20,Beginner,0,7,education,No,6.1,9.2,5.9,9.5,4.0,10.0,2,151,6.1,100.0
222,24,Intermediate,4,1,career,Yes,4.2,6.9,1.0,5.9,6.7,8.0,13,169,4.5,100.0
223,23,Intermediate,3,4,purchase,No,4.9,2.3,3.5,4.8,5.5,5.8,3,68,3.3,100.0
224,25,Intermediate,3,2,relationship,Yes,5.4,8.3,1.0,7.9,6.0,9.8,6,126,3.3,100.0
225,44,Advanced,8,2,purchase,Yes,5.6,3.4,1.1,6.5,8.3,3.0,14,159,3.8,100.0
226,26,Expert,11,2,finance,No,6.7,6.8,1.6,6.2,3.6,4.9,3,148,4.2,100.0
227,22,Expert,11,4,career,No,8.9,6.6,1.3,6.9,6.8,9.4,4,122,4.7,100.0
228,18,Intermediate,4,1,career,No,7.4,6.9,1.0,6.6,6.0,6.7,9,109,3.4,100.0
229,36,Beginner,0,4,career,No,7.6,8.1,5.2,8.7,5.3,8.0,12,169,5.3,100.0
230,27,Expert,9,2,career,No,4.8,5.9,1.0,3.6,7.8,6.6,12,164,6.5,100.0
231,29,Advanced,7,5,purchase,No,4.0,4.4,5.2,7.2,7.8,8.6,7,97,1.3,100.0
232,41,Beginner,1,3,education,No,10.0,6.5,4.5,7.4,4.1,4.9,8,159,7.0,100.0
233,32,Expert,10,8,education,No,5.1,6.7,3.8,8.1,5.6,9.4,11,167,4.5,100.0
234,44,Advanced,5,4,purchase,No,9.1,5.0,1.0,9.5,6.6,9.9,11,123,3.4,100.0
235,39,Intermediate,3,1,career,No,6.5,7.7,1.2,6.4,5.5,8.9,7,145,4.1,100.0
236,41,Intermediate,3,1,finance,No,7.0,8.9,1.0,6.1,7.2,10.0,2,112,6.1,100.0
237,26,Intermediate,4,10,finance,No,9.1,8.1,9.7,7.2,6.6,7.4,12,176,6.7,100.0
238,37,Beginner,1,3,finance,No,9.5,8.2,2.0,6.4,9.7,6.7,4,123,5.7,100.0
239,34,Intermediate,2,9,health,Yes,8.2,6.1,4.5,5.6,2.9,3.0,4,128,8.4,100.0
240,34,Advanced,7,7,health,No,6.6,7.9,2.6,8.2,5.8,6.7,11,209,5.0,100.0
241,43,Beginner,1,2,finance,Yes,7.9,9.1,3.2,4.9,4.2,5.2,12,165,8.4,100.0
242,37,Intermediate,4,9,finance,No,7.7,8.7,4.9,5.4,7.2,8.4,10,139,6.2,100.0
243,29,Intermediate,2,10,education,No,8.4,5.4,6.6,5.3,2.8,4.7,6,106,6.1,100.0
244,24,Intermediate,4,2,purchase,No,5.8,3.7,2.9,9.4,6.7,9.3,5,58,1.0,100.0
245,19,Advanced,7,3,finance,No,8.2,6.6,1.1,1.0,4.7,5.3,10,150,7.7,100.0
246,20,Intermediate,2,10,education,No,9.9,7.4,6.4,7.1,4.5,6.2,10,172,4.4,100.0
247,34,Intermediate,4,2,travel,No,7.2,8.5,1.3,6.7,3.1,7.3,4,162,4.6,100.0
248,22,Advanced,5,3,finance,No,7.6,6.8,3.1,3.5,5.1,5.0,6,132,8.7,100.0
249,34,Intermediate,2,6,finance,No,4.0,9.0,4.9,7.0,8.2,5.7,4,138,5.9,100.0
250,41,Beginner,1,9,health,Yes,3.1,8.8,5.5,7.1,5.9,3.0,13,158,5.5,100.0
251,34,Intermediate,3,9,travel,Yes,8.2,7.4,6.0,7.7,7.3,6.4,5,129,4.6,100.0
252,44,Beginner,1,7,education,No,6.4,6.2,3.9,1.0,9.3,3.3,2,97,6.0,100.0
253,34,Beginner,0,3,career,No,6.0,8.2,1.0,8.7,6.5,5.8,11,186,6.9,100.0
254,19,Intermediate,4,4,relationship,No,7.0,6.7,3.0,5.2,4.9,7.1,3,96,4.6,100.0
255,19,Intermediate,2,6,health,No,7.3,10.0,7.1,7.0,6.9,7.9,9,176,6.7,100.0
256,45,Advanced,8,5,health,Yes,10.0,7.2,1.7,8.8,4.9,8.6,14,154,5.6,100.0
257,39,Intermediate,4,2,career,Yes,8.2,8.6,1.0,4.9,5.0,8.1,11,138,5.5,100.0
258,40,Intermediate,2,6,education,No,5.1,5.7,2.4,7.7,3.0,7.9,4,82,4.5,100.0
259,22,Intermediate,2,3,purchase,Yes,8.8,4.2,3.2,5.6,7.9,5.4,10,92,3.4,100.0
260,18,Beginner,0,8,education,No,6.2,6.5,6.0,1.9,5.2,3.5,8,142,10.0,100.0
261,18,Intermediate,2,2,education,No,7.7,6.7,1.0,8.7,6.4,7.7,3,99,5.2,100.0
262,36,Beginner,1,1,purchase,No,4.8,9.5,1.0,4.6,3.9,6.7,10,174,6.7,100.0
263,19,Expert,12,9,relationship,Yes,6.2,6.7,6.0,6.3,6.9,10.0,6,109,3.4,100.0
264,38,Beginner,1,3,health,Yes,8.6,6.8,1.0,5.4,4.5,8.2,5,63,5.0,100.0
265,29,Intermediate,3,1,career,Yes,8.0,8.2,1.0,7.0,5.7,5.6,6,172,5.4,100.0
266,43,Beginner,0,7,purchase,No,6.8,1.5,6.0,5.9,7.8,5.6,3,28,5.5,100.0
267,23,Expert,10,10,career,No,6.5,6.9,4.4,8.8,7.6,9.8,9,139,2.1,100.0
268,40,Intermediate,4,5,purchase,No,2.1,4.8,1.0,4.0,6.0,7.9,6,78,5.0,100.0
269,21,Intermediate,2,5,finance,No,6.1,8.8,5.9,4.8,2.5,7.7,4,157,6.3,100.0
270,40,Beginner,1,1,career,No,8.6,8.6,1.0,5.9,10.0,5.9,6,151,6.2,100.0
271,28,Advanced,7,9,career,Yes,7.4,7.0,7.8,10.0,9.5,5.9,14,163,4.0,100.0
272,41,Beginner,1,7,career,No,6.5,6.8,4.3,5.9,7.4,4.0,12,156,5.8,100.0
273,44,Advanced,8,8,purchase,No,7.8,3.6,4.9,9.5,4.5,9.0,9,137,3.1,100.0
274,34,Beginner,0,9,purchase,No,4.4,3.0,6.6,6.1,5.8,6.6,8,93,4.3,100.0
275,23,Beginner,0,6,health,No,4.3,8.3,2.4,5.0,4.9,3.3,7,148,7.6,100.0
276,41,Beginner,0,5,career,No,6.7,5.0,3.5,5.5,8.5,5.8,2,65,1.2,100.0
277,22,Intermediate,4,6,career,No,6.0,6.3,3.3,6.3,6.5,7.9,11,118,5.0,100.0
278,37,Intermediate,3,2,career,No,5.1,5.4,1.0,7.7,4.4,4.6,2,84,2.6,100.0
279,19,Beginner,1,4,career,No,6.6,7.9,3.2,8.9,5.1,9.2,2,122,4.9,100.0
280,23,Advanced,7,3,education,No,7.6,9.4,1.5,7.9,8.2,6.9,11,208,7.5,100.0
281,39,Intermediate,2,7,finance,No,7.0,5.4,4.3,8.7,9.2,9.6,9,89,1.9,100.0
282,28,Intermediate,2,9,finance,No,7.6,4.5,3.8,4.4,9.1,4.6,9,98,5.0,100.0
283,33,Intermediate,3,5,career,No,10.0,6.8,6.0,5.7,7.5,4.2,8,129,5.3,100.0
284,33,Intermediate,2,6,finance,Yes,7.3,8.3,5.4,4.9,5.5,4.9,9,164,8.3,100.0
285,18,Intermediate,3,10,health,No,8.0,8.1,8.1,6.4,1.0,6.3,5,135,6.0,100.0
286,26,Beginner,0,2,health,No,6.4,7.1,1.0,5.3,6.6,4.8,2,105,8.2,100.0
287,45,Beginner,1,3,finance,No,5.3,7.2,1.0,7.6,6.0,6.2,10,163,5.5,100.0
288,44,Advanced,6,3,career,No,5.8,7.6,5.3,5.1,6.3,7.2,2,97,6.1,100.0
289,23,Expert,11,9,relationship,Yes,6.5,8.7,5.7,7.9,6.1,8.0,7,173,5.2,100.0
290,33,Intermediate,2,7,finance,No,7.7,4.4,3.3,7.7,3.3,6.6,4,94,4.6,100.0
291,20,Beginner,1,8,finance,Yes,10.0,7.7,5.9,2.0,7.1,1.2,10,157,6.4,100.0
292,37,Intermediate,3,10,travel,No,5.0,7.1,8.5,10.0,7.3,8.5,6,161,3.7,100.0
293,45,Intermediate,4,9,health,No,6.6,6.3,5.8,6.1,7.4,6.4,6,150,5.0,100.0
294,44,Beginner,0,6,health,No,7.3,10.0,6.1,1.9,7.9,7.7,5,177,8.8,100.0
295,21,Beginner,1,4,relationship,No,7.3,5.2,4.4,6.5,7.2,4.3,2,30,4.8,100.0
296,36,Advanced,7,1,relationship,No,7.0,6.1,1.0,7.2,5.2,3.8,6,148,4.0,100.0
297,43,Intermediate,3,8,health,No,10.0,8.7,4.1,6.3,5.9,7.7,5,159,5.8,100.0
298,20,Beginner,1,7,purchase,No,1.0,3.9,6.2,8.1,6.2,7.5,11,158,1.7,100.0
299,36,Beginner,0,2,purchase,No,1.0,1.8,1.0,7.5,6.2,4.4,9,108,1.0,100.0
300,37,Beginner,0,8,career,No,6.0,6.3,4.9,6.6,8.0,3.0,3,132,6.7,100.0
301,24,Intermediate,2,5,health,No,9.6,9.4,1.0,7.2,7.3,9.7,9,193,6.0,100.0
302,37,Beginner,0,7,relationship,Yes,4.4,6.5,3.7,5.8,10.0,8.6,4,136,5.3,100.0
303,26,Beginner,0,4,education,No,1.0,5.1,2.1,9.6,10.0,2.1,5,138,6.0,100.0
304,18,Advanced,6,5,health,No,8.5,9.3,2.6,4.0,6.2,5.2,4,149,6.7,100.0
305,25,Beginner,1,8,health,No,7.9,7.3,4.3,6.4,1.0,9.5,6,105,2.9,100.0
306,24,Intermediate,2,1,career,Yes,5.8,7.0,1.0,6.5,8.5,5.4,8,136,5.4,100.0
307,35,Beginner,0,1,health,No,5.4,8.0,4.5,7.6,4.9,5.4,6,149,5.2,100.0
308,25,Beginner,0,4,career,No,5.1,8.2,5.8,4.3,4.4,4.7,5,140,6.0,100.0
309,18,Beginner,1,3,finance,Yes,8.2,10.0,1.0,2.7,5.2,2.6,11,174,8.8,100.0
310,28,Advanced,5,10,career,No,5.7,8.3,9.2,6.4,5.1,3.4,4,105,5.9,100.0
311,45,Advanced,5,2,purchase,No,6.8,6.7,1.0,7.4,7.2,9.3,5,107,1.9,100.0
312,42,Advanced,8,3,finance,No,1.3,6.7,2.2,10.0,2.9,4.9,2,117,3.8,94.3
313,42,Intermediate,2,1,relationship,No,4.8,4.6,1.0,3.8,3.8,5.9,8,141,3.9,100.0
314,35,Intermediate,4,1,education,No,4.3,6.6,1.0,9.0,6.7,9.3,2,118,3.8,100.0
315,40,Beginner,0,6,finance,Yes,7.5,8.5,5.6,10.0,7.2,4.3,5,161,4.4,100.0
316,27,Beginner,1,5,health,No,6.3,6.1,3.5,5.4,7.3,4.0,12,153,7.2,100.0
317,20,Advanced,7,8,relationship,No,8.1,5.9,4.4,4.6,4.4,8.9,8,98,6.7,100.0
318,24,Beginner,0,2,career,No,3.3,7.6,1.0,5.2,4.0,6.6,2,105,6.8,100.0
319,45,Beginner,0,4,education,No,6.7,7.1,1.1,6.0,5.0,4.6,12,162,4.1,100.0
320,33,Beginner,1,8,career,No,8.1,7.8,2.4,7.3,6.5,8.9,4,119,6.5,100.0
321,43,Beginner,1,6,relationship,No,10.0,6.7,3.9,5.0,9.0,8.1,7,133,7.1,100.0
322,33,Beginner,0,1,health,Yes,7.4,7.8,1.0,9.1,1.9,7.5,9,165,4.5,100.0
323,42,Intermediate,2,4,health,No,8.0,7.0,2.1,4.1,5.6,3.7,7,151,8.4,100.0
324,37,Intermediate,3,1,purchase,No,2.2,2.9,3.0,3.0,3.3,4.5,12,112,4.5,100.0
325,45,Advanced,6,2,finance,No,2.2,10.0,3.3,9.2,2.7,8.5,3,114,2.9,100.0
326,34,Advanced,8,5,career,No,8.7,7.0,3.2,2.8,7.9,5.7,3,104,5.9,100.0
327,19,Intermediate,3,8,purchase,Yes,6.8,5.2,5.1,6.1,7.1,8.3,9,128,6.2,100.0
328,18,Beginner,1,8,health,No,9.8,6.3,8.4,10.0,6.9,4.4,11,174,2.5,100.0
329,33,Intermediate,3,3,education,No,3.9,10.0,2.8,6.5,7.8,3.5,6,156,7.4,100.0
330,29,Intermediate,4,4,education,No,7.6,4.8,2.0,4.4,5.0,6.3,8,125,5.1,100.0
331,22,Beginner,0,10,education,No,10.0,5.8,4.1,5.9,5.1,4.8,8,133,4.7,100.0
332,22,Intermediate,2,6,relationship,No,7.3,6.9,4.6,6.2,10.0,5.0,6,129,5.1,100.0
333,44,Intermediate,2,10,finance,Yes,8.6,9.3,7.9,6.0,5.5,2.6,11,204,7.5,100.0
334,40,Intermediate,3,3,education,No,6.6,8.0,1.0,7.8,7.5,7.0,11,160,4.4,100.0
335,26,Intermediate,3,2,relationship,Yes,4.4,9.9,1.8,4.4,6.0,5.7,9,172,5.8,100.0
336,26,Beginner,0,6,career,No,9.7,7.8,3.3,9.4,2.3,8.3,6,140,4.4,100.0
337,20,Expert,10,5,education,Yes,6.4,5.6,2.9,8.2,1.9,8.4,7,108,4.9,100.0
338,36,Advanced,5,10,education,Yes,8.6,6.9,2.3,8.3,4.8,7.2,10,162,5.4,100.0
339,33,Beginner,0,5,relationship,No,3.4,6.7,2.9,4.7,8.1,7.8,5,107,4.4,100.0
340,33,Advanced,5,10,career,No,4.6,10.0,8.1,8.7,7.6,5.0,6,170,4.7,100.0
341,20,Intermediate,2,5,relationship,No,9.4,4.0,2.2,5.8,7.8,7.2,6,92,3.6,100.0
342,37,Advanced,8,10,education,No,5.9,8.4,6.6,7.9,4.0,4.5,2,127,7.8,100.0
343,41,Advanced,5,5,education,No,9.5,6.8,2.0,5.0,9.2,4.6,2,95,6.9,100.0
344,39,Intermediate,2,3,finance,No,6.8,8.8,2.6,4.3,4.1,3.2,4,134,8.5,100.0
345,41,Beginner,0,7,career,No,3.3,6.8,4.2,7.4,6.4,7.9,12,166,5.6,100.0
346,18,Beginner,1,6,education,Yes,9.4,6.0,2.3,5.3,6.0,5.6,6,121,5.9,100.0
347,41,Intermediate,2,4,relationship,No,5.3,7.4,4.9,4.6,5.7,5.7,3,117,6.4,100.0
348,37,Intermediate,2,2,health,No,8.8,8.8,2.9,5.0,8.7,3.6,3,165,8.1,100.0
349,28,Beginner,1,9,travel,No,6.5,8.4,4.8,7.6,4.6,6.0,7,134,5.0,100.0
350,34,Beginner,1,1,career,No,3.9,7.0,1.5,4.9,3.3,4.1,2,105,4.7,100.0
351,25,Advanced,6,4,health,Yes,8.7,7.6,3.5,6.8,6.0,7.9,9,127,6.0,100.0
352,21,Expert,12,1,career,Yes,10.0,5.3,1.7,8.0,5.2,6.6,8,128,5.4,100.0
353,23,Intermediate,2,6,finance,No,8.0,8.8,1.0,2.5,10.0,7.6,7,138,5.8,100.0
354,25,Beginner,1,4,education,No,6.5,7.2,4.3,3.2,7.4,1.7,6,127,8.7,100.0
355,37,Beginner,0,5,relationship,Yes,9.7,5.5,2.3,6.7,5.2,4.5,10,129,7.0,100.0
356,20,Beginner,0,5,travel,No,6.8,5.9,2.6,4.5,3.9,8.7,2,98,4.9,100.0
357,33,Advanced,6,9,health,No,7.8,7.1,10.0,8.4,2.2,6.8,4,109,3.5,100.0
358,42,Beginner,1,1,finance,No,4.8,5.1,1.2,8.1,3.9,4.1,7,103,4.6,100.0
359,20,Intermediate,4,2,finance,No,7.5,6.2,1.0,8.1,6.2,7.7,2,122,3.4,100.0
360,42,Beginner,1,6,finance,Yes,10.0,6.5,1.0,9.8,8.9,6.4,14,177,3.1,100.0
361,35,Intermediate,2,5,finance,No,5.3,6.8,5.6,6.2,8.2,4.6,12,154,6.3,100.0
362,31,Intermediate,4,7,career,No,9.8,5.8,2.3,8.0,6.5,5.0,8,123,2.7,100.0
363,35,Advanced,5,3,finance,No,6.8,4.9,1.0,5.7,5.4,10.0,5,128,2.0,100.0
364,19,Beginner,1,3,relationship,No,4.7,9.4,1.4,10.0,6.5,6.9,4,143,5.0,100.0
365,39,Beginner,0,10,purchase,No,7.8,6.8,8.9,9.3,5.0,3.1,11,145,5.0,100.0
366,20,Beginner,1,2,purchase,No,5.2,3.6,2.6,6.2,9.4,9.1,10,100,3.6,100.0
367,33,Advanced,5,3,purchase,Yes,8.3,6.0,1.7,7.6,5.6,8.5,4,97,6.2,100.0
368,26,Advanced,7,10,career,No,6.4,7.7,7.0,9.2,5.8,6.6,9,145,4.7,100.0
369,21,Intermediate,2,1,finance,No,6.9,9.4,1.0,6.0,1.6,4.3,2,112,7.8,100.0
370,18,Intermediate,2,5,purchase,Yes,7.8,4.3,3.5,5.0,5.6,7.2,8,89,3.2,100.0
371,21,Intermediate,4,5,relationship,No,7.1,7.9,3.4,8.4,7.7,6.9,11,156,5.8,100.0
372,18,Beginner,0,7,career,Yes,4.0,6.9,6.2,6.2,3.9,2.1,11,170,5.8,100.0
373,31,Advanced,8,4,education,No,4.4,4.4,4.2,7.7,4.5,10.0,7,97,2.9,100.0
374,38,Intermediate,2,3,purchase,No,7.7,6.0,2.8,4.7,7.6,4.8,8,126,5.7,100.0
375,33,Intermediate,2,1,health,No,7.1,9.9,1.0,2.9,3.0,8.1,12,223,8.6,100.0
376,37,Intermediate,4,8,career,No,6.0,10.0,6.5,7.1,8.1,9.5,9,207,4.1,100.0
377,41,Beginner,0,3,purchase,No,3.1,2.9,1.8,7.8,4.9,4.5,7,81,1.0,100.0
378,25,Beginner,0,2,health,No,5.2,8.9,1.0,5.5,5.2,7.8,12,178,5.9,100.0
379,24,Advanced,5,4,purchase,No,1.8,4.1,1.9,9.7,3.8,6.7,7,86,3.4,100.0
380,20,Beginner,0,3,purchase,No,5.6,6.1,2.1,4.6,6.8,1.6,12,167,6.9,100.0
381,34,Intermediate,4,1,education,Yes,6.4,4.9,2.2,4.6,10.0,5.2,9,120,6.8,100.0
382,18,Beginner,1,3,health,No,5.5,5.8,1.6,6.0,7.6,6.8,6,108,5.3,100.0
383,33,Intermediate,2,2,career,Yes,7.9,6.6,1.0,6.2,4.3,5.3,11,140,4.8,100.0
384,29,Beginner,0,8,purchase,No,6.5,4.9,5.3,7.5,8.3,5.8,3,73,1.3,100.0
385,44,Intermediate,2,6,health,No,10.0,6.8,4.1,4.8,5.4,8.0,8,145,5.1,100.0
386,36,Advanced,8,9,purchase,Yes,3.8,6.7,6.2,10.0,8.7,8.8,7,108,4.5,100.0
387,39,Beginner,1,8,career,No,9.3,8.6,6.8,10.0,7.6,5.7,2,144,4.5,100.0
388,40,Intermediate,4,10,career,No,8.9,8.0,8.2,5.9,1.0,7.9,6,132,5.6,100.0
389,39,Intermediate,3,3,education,No,5.0,9.1,1.0,9.0,4.0,7.8,4,140,5.5,100.0
390,31,Intermediate,4,5,purchase,Yes,7.2,6.3,2.2,4.6,7.9,1.0,7,103,5.8,100.0
391,23,Expert,12,7,education,No,5.7,4.6,2.8,10.0,6.3,10.0,8,112,2.8,100.0
392,23,Advanced,7,5,purchase,No,6.2,7.0,4.4,9.3,4.0,8.9,6,124,5.6,100.0
393,30,Beginner,0,8,health,No,10.0,6.8,7.7,7.0,4.7,6.2,5,121,4.8,100.0
394,36,Beginner,0,5,purchase,Yes,8.0,7.1,2.7,6.0,2.2,7.6,4,145,3.8,100.0
395,39,Beginner,0,1,education,No,7.6,9.0,1.0,1.0,5.8,2.8,7,163,8.9,100.0
396,25,Intermediate,4,5,health,Yes,7.5,9.3,5.7,5.4,10.0,7.0,14,192,3.9,100.0
397,44,Beginner,0,4,health,No,4.4,5.4,3.5,4.7,7.6,2.3,11,128,6.6,100.0
398,44,Intermediate,3,6,career,No,6.6,5.5,4.6,4.5,10.0,6.7,7,129,5.8,100.0
399,19,Intermediate,2,3,relationship,No,8.9,8.3,1.0,6.6,7.8,10.0,8,181,7.0,100.0
400,38,Intermediate,2,5,purchase,No,2.7,4.5,4.4,5.5,8.1,4.0,2,81,4.9,100.0
401,18,Advanced,6,2,finance,No,4.9,7.6,1.0,5.4,9.9,5.1,5,144,6.8,100.0
402,45,Beginner,1,6,finance,No,7.3,8.7,2.0,4.0,6.8,3.9,10,186,6.5,100.0
403,32,Beginner,1,6,finance,No,5.0,8.6,3.3,4.7,5.6,5.8,11,205,6.3,100.0
404,18,Advanced,8,5,finance,No,5.4,7.9,2.3,9.6,8.1,6.3,7,112,2.8,100.0
405,22,Intermediate,3,6,finance,No,6.2,7.2,3.5,5.2,8.9,6.9,3,126,5.5,100.0
406,45,Intermediate,3,7,relationship,No,3.8,5.7,2.1,5.5,5.0,7.9,5,126,4.3,100.0
407,33,Intermediate,4,5,education,No,4.7,7.9,4.9,5.8,4.6,7.5,7,122,6.0,100.0
408,36,Beginner,1,1,health,No,8.8,8.7,2.6,6.8,6.3,2.8,5,128,6.1,100.0
409,21,Advanced,8,8,career,No,4.4,6.6,1.9,8.2,7.7,10.0,11,140,3.7,100.0
410,20,Advanced,8,4,career,No,3.8,8.7,4.3,1.2,7.6,7.4,8,150,7.2,100.0
411,34,Intermediate,2,9,purchase,No,4.5,4.6,4.5,8.4,3.2,8.7,4,80,2.6,100.0
412,34,Beginner,0,10,relationship,No,8.0,4.8,8.0,8.2,9.8,7.4,7,114,3.6,100.0
413,29,Intermediate,2,6,education,No,6.2,5.3,3.8,4.2,4.7,6.0,5,119,5.4,100.0
414,45,Intermediate,2,1,purchase,Yes,5.9,4.0,1.0,4.4,5.5,7.7,6,114,5.3,100.0
415,31,Beginner,1,3,education,Yes,7.7,6.9,1.6,5.3,4.2,9.6,6,113,4.7,100.0
416,38,Advanced,7,3,finance,No,3.5,9.5,4.0,5.7,10.0,5.0,3,126,6.6,100.0
417,23,Beginner,1,10,purchase,No,6.8,3.5,4.4,6.6,6.5,8.4,12,148,3.0,100.0
418,20,Expert,11,4,finance,No,7.8,7.8,3.6,3.9,4.3,6.8,4,139,5.6,100.0
419,45,Intermediate,2,6,travel,No,5.6,5.7,5.8,4.1,7.7,5.3,11,146,5.4,100.0
420,26,Beginner,1,7,health,No,9.4,7.4,5.8,9.2,7.5,4.1,2,119,7.5,100.0
421,22,Intermediate,3,10,finance,Yes,5.7,5.9,10.0,3.9,5.6,5.1,6,116,4.9,100.0
422,41,Advanced,8,4,finance,No,9.3,7.1,1.7,9.8,7.7,6.5,10,165,3.8,100.0
423,34,Advanced,6,6,career,Yes,8.3,7.5,5.5,7.7,4.3,6.5,7,136,4.6,100.0
424,31,Advanced,5,1,purchase,Yes,6.1,6.5,1.0,3.2,5.0,3.5,6,128,6.6,100.0
425,38,Intermediate,2,8,finance,Yes,8.0,8.7,7.3,6.9,2.0,5.6,11,153,5.7,100.0
426,20,Intermediate,2,7,health,No,7.2,5.9,4.5,6.1,3.4,5.4,2,80,5.5,100.0
427,45,Advanced,6,9,finance,Yes,10.0,10.0,5.2,6.1,9.6,7.1,8,166,4.5,100.0
428,18,Beginner,0,3,purchase,No,3.6,5.1,4.2,6.5,9.3,2.8,2,77,6.6,100.0
429,37,Intermediate,3,2,education,No,5.1,6.8,1.0,7.4,6.1,4.0,8,123,6.2,100.0
430,38,Beginner,0,1,purchase,No,7.9,4.8,1.0,7.4,9.3,7.1,6,94,2.3,100.0
431,40,Expert,10,3,purchase,No,4.6,4.0,1.1,10.0,5.7,7.3,3,48,1.0,77.3
432,18,Expert,10,5,career,No,8.8,7.3,4.3,8.5,5.5,10.0,2,120,2.7,100.0
433,20,Beginner,0,2,career,Yes,10.0,8.6,3.7,3.2,6.1,5.3,14,195,7.1,100.0
434,35,Advanced,8,3,purchase,No,5.0,2.0,2.1,6.4,5.8,8.5,8,51,5.6,100.0
435,42,Expert,12,4,finance,Yes,9.4,7.4,4.8,10.0,5.6,10.0,4,108,4.0,100.0
436,27,Beginner,0,7,relationship,Yes,5.2,6.6,2.2,7.4,8.3,5.7,6,131,2.8,100.0
437,39,Intermediate,3,3,career,No,8.5,7.4,1.2,10.0,6.3,6.6,12,161,3.4,100.0
438,43,Advanced,6,9,finance,No,7.4,9.4,5.4,9.8,7.4,9.9,7,152,4.3,100.0
439,20,Beginner,0,8,career,No,7.9,5.8,5.0,6.5,8.1,7.0,7,120,4.9,100.0
440,25,Intermediate,2,4,education,No,5.3,5.7,2.7,6.9,6.8,6.1,8,133,3.0,100.0
441,31,Beginner,1,1,finance,No,3.7,6.7,1.8,6.1,4.1,8.8,12,136,4.5,100.0
442,41,Expert,11,1,health,Yes,9.4,7.3,1.0,4.4,3.3,6.7,14,192,5.2,100.0
443,35,Expert,12,1,career,Yes,3.9,7.2,1.0,8.0,6.3,8.6,4,107,3.0,92.6
444,32,Expert,12,1,purchase,Yes,6.2,6.8,1.0,10.0,5.7,9.3,10,152,3.6,100.0
445,39,Intermediate,3,8,finance,Yes,9.9,6.6,3.6,5.3,6.2,4.2,5,119,7.0,100.0
446,40,Advanced,7,3,education,No,7.0,7.2,1.8,8.0,6.0,7.9,7,129,5.5,100.0
447,19,Advanced,6,6,education,No,10.0,3.8,3.7,8.7,10.0,10.0,9,91,2.8,100.0
448,44,Intermediate,4,3,finance,Yes,10.0,7.4,1.7,4.8,3.3,7.0,8,142,5.3,100.0
449,27,Advanced,5,5,education,No,5.3,6.0,3.3,5.9,2.0,6.7,11,177,5.8,100.0
450,19,Beginner,1,7,travel,No,6.5,9.5,4.7,4.1,6.7,5.0,4,123,7.9,100.0
451,43,Intermediate,3,2,education,No,6.5,6.1,1.0,4.9,5.2,6.6,12,185,5.5,100.0
452,34,Beginner,0,6,education,Yes,4.4,3.8,6.1,3.4,6.6,6.4,11,117,4.2,100.0
453,25,Beginner,0,6,finance,Yes,6.1,5.1,1.9,4.2,7.2,6.4,11,138,4.6,100.0
454,18,Beginner,0,3,health,Yes,7.3,8.7,1.0,8.8,8.6,6.2,7,136,5.3,100.0
455,26,Intermediate,4,6,career,Yes,3.9,8.8,8.6,4.1,3.0,6.5,11,168,9.8,100.0
456,28,Intermediate,3,10,career,No,7.1,7.6,4.7,6.8,4.9,7.6,6,128,5.5,100.0
457,39,Advanced,8,10,travel,No,5.9,7.1,4.2,6.3,6.9,5.3,12,148,4.9,100.0
458,33,Beginner,1,5,finance,No,3.7,9.4,4.5,8.5,7.5,7.2,6,155,4.4,100.0
459,24,Intermediate,2,2,purchase,No,6.6,3.9,1.0,9.0,10.0,2.9,4,74,3.3,100.0
460,27,Intermediate,3,9,education,No,8.0,7.9,5.5,8.2,7.9,8.1,8,186,7.3,100.0
461,40,Advanced,6,8,education,No,7.1,3.9,8.8,6.9,5.9,8.5,12,108,2.7,100.0
462,43,Intermediate,3,3,travel,Yes,6.8,6.2,1.0,6.0,4.2,7.9,14,170,5.8,100.0
463,20,Intermediate,2,8,finance,No,8.2,4.6,1.8,3.9,4.9,4.7,10,130,5.1,100.0
464,35,Advanced,8,9,career,No,8.4,6.6,3.3,10.0,4.8,9.2,10,129,3.5,100.0
465,42,Intermediate,4,3,relationship,Yes,8.1,6.9,3.5,5.1,7.3,9.1,4,129,6.0,100.0
466,41,Beginner,1,3,career,Yes,6.4,8.0,3.9,7.5,6.5,9.4,4,123,3.9,100.0
467,30,Beginner,0,2,career,No,7.6,7.1,1.0,8.1,3.4,6.5,11,116,4.0,100.0
468,45,Advanced,8,8,finance,No,9.4,6.0,6.4,6.2,5.1,7.5,12,166,6.6,100.0
469,43,Beginner,0,10,purchase,No,4.6,4.5,8.9,7.4,7.8,8.6,6,80,4.5,100.0
470,24,Advanced,7,1,health,No,10.0,5.4,3.7,8.7,6.7,5.0,2,68,5.1,100.0
471,42,Intermediate,3,8,finance,No,5.9,9.7,4.8,10.0,7.1,7.1,5,169,6.0,100.0
472,21,Expert,12,7,purchase,Yes,6.9,5.1,1.0,7.1,6.8,10.0,4,89,3.9,100.0
473,30,Advanced,6,7,finance,No,5.7,6.7,3.2,4.4,9.3,8.3,3,125,7.8,100.0
474,37,Expert,11,3,career,Yes,8.4,10.0,1.2,6.8,6.5,8.7,5,182,6.0,100.0
475,18,Intermediate,4,1,purchase,Yes,3.3,3.6,1.0,7.1,5.2,3.9,7,84,4.9,100.0
476,25,Advanced,5,4,health,No,6.3,6.0,2.3,6.9,4.2,6.9,9,150,2.8,100.0
477,31,Intermediate,2,9,purchase,No,3.6,3.0,7.8,4.8,6.5,4.6,3,51,3.5,100.0
478,33,Intermediate,4,5,career,No,7.3,6.9,5.4,2.8,1.1,6.1,10,193,5.1,100.0
479,31,Intermediate,3,1,education,No,8.6,7.2,1.0,7.4,5.6,5.2,10,144,6.9,100.0
480,29,Advanced,5,5,health,No,8.7,9.0,5.1,10.0,5.6,6.0,3,154,2.0,100.0
481,36,Expert,9,8,health,No,2.7,10.0,5.8,8.4,3.3,4.1,2,157,6.0,100.0
482,40,Advanced,6,8,health,Yes,10.0,5.0,5.3,8.2,4.1,10.0,13,154,1.0,100.0
483,32,Intermediate,2,5,education,Yes,8.2,8.3,4.8,7.5,7.6,5.9,13,175,4.6,100.0
484,45,Intermediate,3,9,health,No,5.8,6.9,6.0,7.3,6.5,7.1,10,150,4.2,100.0
485,19,Advanced,8,1,health,No,7.7,6.9,4.1,9.2,6.2,8.3,3,72,5.5,100.0
486,19,Beginner,1,4,travel,No,6.8,5.8,1.0,7.0,6.6,4.2,9,138,5.6,100.0
487,40,Beginner,1,3,purchase,No,4.5,3.3,1.1,5.5,6.2,3.3,4,80,3.7,100.0
488,39,Intermediate,3,2,relationship,No,6.9,8.9,1.1,4.9,8.5,4.0,2,131,8.6,100.0
489,36,Beginner,0,8,purchase,Yes,5.6,6.9,5.9,5.5,6.2,4.2,14,124,6.2,100.0
490,42,Beginner,0,7,relationship,No,5.7,6.2,6.7,6.6,3.1,6.8,2,74,4.8,100.0
491,43,Beginner,1,9,finance,No,5.6,9.7,5.8,5.5,9.3,4.3,11,178,5.9,100.0
492,39,Beginner,1,2,health,No,4.5,5.4,1.0,6.8,6.7,9.8,3,98,2.4,100.0
493,43,Beginner,0,4,education,No,6.9,4.4,4.0,6.9,4.8,8.2,8,116,2.5,100.0
494,43,Expert,12,6,education,No,7.8,3.0,5.2,9.7,3.5,10.0,7,85,1.5,100.0
495,39,Intermediate,3,3,finance,No,8.0,6.4,1.0,9.1,6.8,7.2,12,170,4.0,100.0
496,34,Intermediate,3,8,health,No,9.0,8.1,5.2,6.7,5.8,9.6,3,106,6.7,100.0
497,37,Intermediate,4,3,finance,No,7.6,7.7,1.0,4.1,9.1,5.4,5,143,7.1,100.0
498,27,Beginner,0,2,travel,No,5.3,7.0,1.0,5.3,5.3,5.5,3,121,2.7,100.0
499,23,Expert,10,3,travel,No,8.1,4.5,1.0,7.8,4.3,8.5,2,83,3.5,100.0
500,32,Advanced,8,6,health,No,4.7,9.1,5.3,3.7,7.8,7.8,4,140,5.1,100.0
501,39,Beginner,0,2,education,Yes,5.8,7.7,1.5,8.8,7.9,8.1,7,177,3.2,100.0
502,28,Intermediate,2,8,purchase,No,3.9,6.0,3.0,6.6,6.3,5.4,11,157,4.0,100.0
503,45,Advanced,6,1,health,No,9.6,4.8,2.1,7.8,7.4,6.4,6,86,3.0,100.0
504,22,Expert,10,7,career,No,8.9,7.5,2.1,10.0,5.9,10.0,6,140,1.7,100.0
505,18,Intermediate,2,2,relationship,No,7.5,4.3,1.9,5.1,6.5,7.3,8,123,4.6,100.0
506,25,Intermediate,2,10,purchase,No,7.9,4.2,5.1,7.5,8.3,5.9,11,115,2.1,100.0
507,38,Beginner,0,6,purchase,No,4.0,5.7,3.3,5.8,7.3,2.6,9,151,6.3,100.0
508,45,Expert,12,2,finance,No,7.7,7.6,2.2,7.6,5.7,8.0,10,169,7.5,100.0
509,29,Beginner,0,2,travel,No,6.1,5.4,2.2,4.5,8.7,6.6,8,81,3.7,100.0
510,29,Expert,10,10,career,Yes,9.7,7.8,8.8,10.0,1.3,10.0,8,157,3.2,100.0
511,22,Intermediate,4,8,health,No,7.2,5.3,5.1,5.9,10.0,4.1,10,127,2.3,100.0
512,24,Intermediate,4,2,purchase,Yes,6.0,7.4,1.8,8.1,2.6,6.4,11,175,4.6,100.0
513,21,Intermediate,4,7,purchase,No,6.9,4.5,3.8,2.9,4.7,4.7,11,147,6.6,100.0
514,23,Beginner,0,3,health,No,9.2,9.6,2.3,8.4,5.9,9.4,10,189,5.9,100.0
515,30,Beginner,1,8,finance,No,5.7,6.7,5.9,8.3,5.7,6.7,11,186,4.5,100.0
516,37,Beginner,1,7,career,No,6.9,6.2,4.4,6.4,8.0,4.3,9,135,6.5,100.0
517,32,Beginner,0,8,health,No,5.3,6.6,2.1,5.5,3.9,6.8,7,142,8.4,100.0
518,20,Advanced,6,7,health,Yes,3.4,10.0,5.1,7.8,6.5,6.7,7,186,8.2,100.0
519,40,Intermediate,4,6,career,No,7.4,5.9,4.5,10.0,4.8,5.5,10,139,3.1,100.0
520,25,Beginner,0,7,purchase,No,7.0,5.8,3.4,2.5,6.6,2.8,10,154,5.3,100.0
521,37,Expert,9,5,relationship,Yes,8.0,6.4,1.1,9.1,5.9,10.0,13,154,2.7,100.0
522,33,Advanced,5,7,purchase,Yes,2.9,2.4,7.1,4.3,6.2,6.9,13,110,2.7,100.0
523,30,Expert,12,1,education,No,5.9,5.6,1.5,8.0,4.9,8.8,10,113,4.1,100.0
524,35,Expert,11,1,career,No,2.6,5.1,1.0,7.3,5.0,7.7,11,142,2.4,97.8
525,45,Beginner,0,9,career,No,9.7,7.1,3.9,5.1,6.6,6.1,4,125,5.8,100.0
526,27,Intermediate,3,5,purchase,No,3.6,2.9,1.9,6.5,7.9,7.1,12,138,4.3,100.0
527,36,Advanced,7,5,health,Yes,10.0,10.0,5.5,4.9,4.8,7.2,6,180,6.9,100.0
528,34,Intermediate,4,3,purchase,No,7.7,4.7,2.2,8.7,4.3,7.7,12,133,2.0,100.0
529,41,Beginner,0,5,education,No,4.8,6.2,2.3,2.4,7.2,6.3,7,105,7.8,100.0
530,36,Advanced,6,3,education,No,4.3,7.5,2.8,8.1,5.9,7.6,7,150,2.4,100.0
531,45,Beginner,0,9,travel,No,7.1,8.3,4.5,5.3,7.7,3.7,7,172,6.6,100.0
532,43,Beginner,1,9,health,No,5.7,7.8,8.4,3.1,4.2,3.8,6,153,7.4,100.0
533,40,Intermediate,4,6,relationship,No,6.7,5.0,6.2,7.1,2.4,2.9,6,125,5.0,100.0
534,43,Intermediate,2,1,relationship,No,5.5,3.4,1.0,3.2,4.9,9.3,3,65,4.3,100.0
535,22,Intermediate,2,7,career,Yes,4.4,6.7,3.5,6.4,4.5,8.1,10,142,5.5,100.0
536,43,Beginner,0,7,health,No,2.9,6.8,1.0,3.2,5.8,3.2,5,108,7.1,100.0
537,38,Advanced,8,10,finance,No,7.5,7.7,4.0,8.3,4.7,7.4,4,125,4.3,100.0
538,40,Beginner,1,10,education,No,5.5,5.9,4.2,4.3,7.5,4.2,9,134,5.6,100.0
539,26,Beginner,1,4,health,Yes,7.3,9.7,2.8,5.3,5.4,8.8,7,172,5.6,100.0
540,29,Advanced,8,8,health,No,8.8,6.8,4.6,7.9,6.3,5.0,12,162,6.0,100.0
541,38,Expert,12,6,finance,Yes,10.0,8.2,1.6,6.5,6.3,8.2,7,148,4.6,100.0
542,18,Advanced,5,4,career,No,6.5,8.9,2.1,6.7,6.4,6.7,9,157,7.0,100.0
543,43,Advanced,8,4,career,No,6.3,7.5,3.5,4.3,6.0,8.2,2,130,5.9,100.0
544,43,Intermediate,2,2,relationship,No,7.5,6.1,2.2,7.6,7.0,6.5,10,145,3.8,100.0
545,18,Intermediate,4,2,career,No,4.3,6.0,1.0,10.0,4.4,4.4,8,127,4.9,100.0
546,32,Beginner,0,4,health,No,7.8,6.8,2.4,10.0,8.8,6.7,3,96,3.0,100.0
547,19,Intermediate,4,5,education,No,7.7,5.1,1.0,6.8,5.5,4.9,12,120,5.5,100.0
548,39,Intermediate,3,8,education,No,8.0,5.6,6.7,8.1,3.4,7.2,7,143,4.2,100.0
549,33,Beginner,1,6,purchase,No,1.9,6.0,5.2,2.6,6.4,7.7,9,146,5.2,100.0
550,42,Advanced,7,4,finance,No,5.5,7.1,1.1,10.0,4.3,4.9,12,139,5.1,100.0
551,25,Intermediate,2,7,education,No,4.8,4.3,3.2,7.9,7.3,5.2,6,112,4.5,100.0
552,30,Beginner,1,8,education,Yes,7.8,10.0,4.4,5.2,10.0,4.6,9,201,8.9,100.0
553,38,Beginner,0,2,career,No,8.0,7.5,1.0,8.5,4.4,6.0,11,168,6.1,100.0
554,18,Intermediate,3,7,purchase,No,8.8,2.5,5.1,6.0,6.7,7.8,9,123,3.7,100.0
555,33,Beginner,0,2,finance,No,6.0,6.8,1.0,5.1,2.5,5.2,7,137,4.6,100.0
556,24,Advanced,7,2,education,No,5.6,6.7,2.9,8.1,6.9,8.6,10,125,7.0,100.0
557,22,Intermediate,4,8,travel,No,8.7,9.5,3.3,4.5,4.2,4.8,10,191,5.8,100.0
558,39,Intermediate,3,2,career,Yes,8.6,6.0,1.0,8.5,4.8,7.7,12,159,4.9,100.0
559,40,Intermediate,2,9,education,No,9.1,8.1,3.3,4.2,3.8,7.1,7,138,6.9,100.0
560,20,Advanced,8,1,health,No,8.0,10.0,1.0,5.2,7.5,5.5,10,200,5.9,100.0
561,29,Intermediate,2,9,travel,No,4.1,5.8,3.8,4.5,8.0,7.2,4,74,5.1,100.0
562,43,Intermediate,2,1,relationship,Yes,4.8,6.6,2.3,7.9,6.0,6.9,8,155,4.4,100.0
563,33,Intermediate,3,10,education,No,3.5,4.8,5.3,5.3,4.3,8.2,3,70,5.9,100.0
564,36,Beginner,1,10,career,No,8.3,6.7,6.7,3.5,9.2,4.7,9,126,5.8,100.0
565,22,Advanced,6,2,finance,Yes,10.0,8.2,1.0,5.8,4.5,7.5,14,191,5.5,100.0
566,39,Advanced,6,6,career,No,10.0,8.1,1.7,6.9,1.7,7.1,5,144,2.6,100.0
567,42,Intermediate,3,6,travel,Yes,9.1,9.3,3.6,4.1,6.9,5.5,9,179,9.5,100.0
568,31,Advanced,8,1,education,No,8.9,5.3,1.7,5.0,3.8,7.4,7,102,3.5,100.0
569,45,Advanced,5,7,education,No,5.4,3.4,2.5,10.0,8.0,9.2,6,77,2.1,92.7
570,22,Advanced,6,8,travel,No,4.1,6.8,6.6,5.3,5.2,4.1,2,83,6.1,100.0
571,32,Advanced,6,2,career,No,8.7,7.5,1.0,6.4,7.2,9.8,12,168,4.6,100.0
572,34,Intermediate,2,8,relationship,No,7.3,6.6,4.4,5.6,8.8,2.3,8,157,7.4,100.0
573,31,Intermediate,3,9,career,Yes,8.2,7.3,6.8,5.7,3.6,4.9,13,175,8.1,100.0
574,37,Intermediate,2,6,finance,Yes,8.8,8.5,2.8,7.6,4.9,6.5,11,193,5.8,100.0
575,22,Advanced,5,5,finance,No,7.6,9.9,3.3,8.7,5.8,8.5,2,167,6.1,100.0
576,29,Beginner,1,9,relationship,No,9.1,6.8,5.3,5.6,9.1,9.0,11,147,5.3,100.0
577,33,Advanced,7,9,finance,No,9.6,6.9,6.1,4.7,4.7,2.8,8,137,8.0,100.0
578,43,Advanced,8,1,career,No,8.1,6.2,1.0,9.9,4.8,7.5,5,153,2.9,100.0
579,43,Beginner,0,3,career,No,8.7,6.7,1.0,5.8,7.0,1.5,7,159,7.9,100.0
580,33,Advanced,7,9,career,No,8.0,9.6,6.9,10.0,4.8,8.5,10,155,6.0,100.0
581,38,Beginner,0,2,travel,No,5.5,6.5,3.1,1.5,6.3,4.8,6,131,8.5,100.0
582,24,Intermediate,3,4,purchase,No,7.3,4.8,1.1,6.9,2.9,9.8,9,121,2.5,100.0
583,21,Advanced,8,4,travel,No,3.6,6.0,2.2,10.0,10.0,8.8,6,133,2.8,92.1
584,18,Beginner,0,2,relationship,Yes,9.6,8.8,1.8,5.3,3.3,7.7,5,132,6.5,100.0
585,22,Advanced,5,3,finance,No,4.6,10.0,3.1,6.4,5.4,8.0,5,145,4.6,100.0
586,40,Advanced,6,3,education,Yes,8.2,8.0,1.0,7.6,5.9,6.5,5,124,7.2,100.0
587,43,Intermediate,4,1,finance,No,5.3,7.6,1.0,5.5,9.8,3.5,8,139,6.6,100.0
588,27,Beginner,0,6,finance,No,8.1,7.6,3.3,5.4,3.4,6.2,8,163,6.3,100.0
589,39,Beginner,1,8,finance,No,6.9,3.7,6.4,5.5,10.0,2.9,4,57,4.3,100.0
590,22,Intermediate,3,3,career,No,3.8,8.2,6.2,5.2,7.5,8.7,8,145,4.1,100.0
591,21,Expert,12,5,finance,No,7.8,7.7,2.9,10.0,6.8,8.9,2,82,3.0,100.0
592,19,Intermediate,3,1,finance,No,5.8,8.2,1.0,7.4,4.0,9.2,2,138,5.0,100.0
593,37,Beginner,0,10,purchase,Yes,8.6,4.5,7.2,5.8,7.1,4.8,12,158,5.6,100.0
594,27,Intermediate,3,7,career,Yes,8.0,7.2,6.8,8.1,4.6,7.6,9,144,4.7,100.0
595,43,Intermediate,2,10,finance,Yes,8.8,7.6,6.7,5.8,8.5,6.5,8,144,6.2,100.0
596,36,Advanced,6,1,education,No,4.7,8.1,1.0,5.5,4.1,6.6,7,158,5.7,100.0
597,43,Beginner,0,9,career,Yes,6.8,7.2,7.5,4.1,5.8,4.3,9,177,7.3,100.0
598,18,Advanced,6,8,finance,No,6.1,10.0,6.3,7.0,4.9,8.0,2,149,7.8,100.0
599,41,Intermediate,4,7,education,No,8.3,7.2,2.8,4.5,4.0,4.2,6,120,7.5,100.0
600,22,Expert,9,10,career,No,10.0,5.0,7.1,5.8,7.5,4.9,10,100,6.0,100.0
601,30,Intermediate,3,7,career,Yes,6.4,7.6,6.2,5.5,7.1,8.6,7,123,5.7,100.0
602,21,Intermediate,3,5,relationship,No,8.7,5.2,5.3,10.0,8.4,9.2,4,97,1.0,100.0
603,33,Expert,10,5,finance,No,2.7,4.0,3.1,2.1,2.4,6.3,2,58,4.2,100.0
604,41,Beginner,1,5,health,No,5.0,10.0,2.6,5.8,8.1,9.3,3,152,6.7,100.0
605,33,Expert,12,1,education,No,4.7,7.6,2.7,10.0,10.0,8.7,4,116,3.7,100.0
606,40,Intermediate,2,8,career,Yes,5.3,8.7,3.1,6.6,5.1,9.0,7,137,5.9,100.0
607,19,Beginner,0,1,health,Yes,5.2,8.9,1.4,7.5,9.8,6.7,10,155,7.7,100.0
608,34,Intermediate,2,4,health,No,8.2,5.6,1.0,6.5,5.5,4.3,7,147,6.0,100.0
609,45,Advanced,7,9,career,No,6.6,6.2,7.7,5.1,3.3,10.0,12,173,6.0,100.0
610,44,Beginner,0,9,health,No,8.2,9.1,5.4,1.5,5.4,6.3,9,205,8.1,100.0
611,37,Intermediate,2,5,finance,No,8.4,5.8,5.4,6.7,8.1,6.2,10,150,3.7,100.0
612,41,Intermediate,3,4,relationship,No,7.0,2.1,3.4,4.9,4.3,7.4,7,70,3.3,100.0
613,29,Intermediate,4,3,career,No,8.3,6.6,1.0,5.1,4.8,5.4,8,161,4.9,100.0
614,35,Beginner,1,3,relationship,No,6.4,6.0,4.4,5.2,7.2,7.4,5,111,6.9,100.0
615,20,Advanced,5,5,finance,No,4.6,7.7,5.9,10.0,6.0,3.3,3,125,6.1,100.0
616,45,Expert,12,10,education,No,8.7,7.7,8.0,10.0,7.2,7.2,10,161,4.8,100.0
617,18,Expert,10,1,career,No,5.8,8.0,1.0,8.1,6.5,10.0,10,113,5.8,100.0
618,18,Advanced,7,5,relationship,Yes,5.6,7.4,2.7,6.2,7.0,6.6,7,170,3.1,100.0
619,36,Beginner,1,6,relationship,No,6.1,8.1,4.1,3.8,5.1,5.7,4,140,7.6,100.0
620,28,Advanced,8,7,purchase,No,4.0,2.4,3.4,8.3,6.5,5.3,11,110,1.3,100.0
621,22,Beginner,1,9,health,No,6.6,8.6,8.7,9.0,4.1,10.0,12,184,4.2,100.0
622,29,Beginner,1,3,purchase,No,6.5,5.8,2.2,5.7,8.6,8.3,7,125,4.2,100.0
623,20,Intermediate,3,2,purchase,Yes,7.5,3.6,1.0,1.7,4.7,4.5,6,79,6.7,100.0
624,18,Intermediate,3,3,education,No,4.8,4.1,2.5,7.8,8.3,6.2,2,82,3.8,100.0
625,18,Advanced,6,9,finance,No,6.0,6.3,5.3,9.0,5.5,9.9,5,92,4.8,100.0
626,25,Intermediate,4,7,health,No,9.5,6.7,4.4,3.5,6.4,9.6,2,106,4.7,100.0
627,27,Intermediate,4,9,education,No,7.6,7.7,5.2,7.0,5.0,8.8,3,131,5.7,100.0
628,28,Beginner,1,2,travel,No,10.0,5.8,2.7,7.1,4.0,10.0,4,100,3.8,100.0
629,29,Expert,12,5,education,No,9.0,5.1,5.2,7.9,2.5,6.7,9,132,1.9,100.0
630,30,Intermediate,4,4,finance,No,9.3,6.5,3.1,5.1,3.9,4.6,11,136,4.9,100.0
631,29,Intermediate,2,2,career,No,4.2,8.8,1.0,8.4,5.4,4.6,5,128,5.7,100.0
632,31,Beginner,0,9,relationship,Yes,9.0,7.0,5.8,5.2,6.4,6.5,7,141,7.1,100.0
633,19,Advanced,6,9,purchase,No,5.7,4.5,5.9,4.0,8.0,6.5,11,142,5.5,100.0
634,36,Intermediate,4,6,relationship,No,5.4,6.0,2.5,2.6,5.1,5.0,10,109,5.2,100.0
635,35,Beginner,1,6,relationship,No,6.8,8.3,4.9,8.7,4.2,8.6,8,167,4.4,100.0
636,20,Beginner,1,8,education,No,8.5,5.3,6.0,7.4,3.1,9.0,3,82,6.0,100.0
637,40,Intermediate,2,6,finance,No,8.0,9.6,6.5,6.5,7.0,3.3,4,146,7.3,100.0
638,34,Intermediate,3,1,education,No,4.8,6.8,2.8,5.6,8.8,5.0,5,98,5.5,100.0
639,43,Beginner,1,4,relationship,No,8.0,5.9,1.4,5.1,8.5,7.3,5,96,5.6,100.0
640,25,Expert,10,7,finance,No,5.7,10.0,5.9,5.5,7.4,6.4,11,213,7.9,100.0
641,43,Beginner,0,2,relationship,No,6.9,4.5,1.0,5.1,7.3,4.0,9,119,4.7,100.0
642,27,Intermediate,4,9,purchase,Yes,6.2,5.0,7.0,1.7,9.4,7.1,13,142,6.5,100.0
643,43,Expert,12,8,career,No,6.6,5.0,4.3,6.5,6.7,5.5,11,134,4.2,100.0
644,19,Intermediate,4,8,career,No,8.5,8.5,3.5,6.0,7.3,5.9,7,163,7.1,100.0
645,36,Intermediate,2,7,travel,No,4.3,9.5,5.0,7.6,5.4,7.4,4,156,6.0,100.0
646,26,Intermediate,3,4,career,Yes,10.0,10.0,1.0,6.4,3.3,5.3,14,213,7.5,100.0
647,24,Beginner,0,2,health,No,3.8,9.8,1.0,7.6,4.6,8.0,10,207,4.8,100.0
648,21,Expert,9,3,health,No,6.2,7.5,1.6,10.0,6.0,7.6,11,183,3.0,100.0
649,43,Intermediate,4,6,relationship,No,7.2,5.6,4.0,8.8,6.1,10.0,9,139,4.1,100.0
650,38,Advanced,5,5,health,No,8.6,5.1,2.6,7.8,9.9,7.1,10,132,3.7,100.0
651,35,Beginner,1,8,finance,No,6.8,10.0,2.5,6.2,6.2,7.4,6,178,6.8,100.0
652,30,Beginner,0,6,health,No,7.3,8.6,2.5,4.0,8.4,6.7,4,142,6.4,100.0
653,28,Beginner,1,6,finance,No,7.8,6.7,4.6,7.6,5.1,5.3,5,140,6.1,100.0
654,41,Intermediate,2,1,purchase,No,5.3,6.9,1.6,9.7,5.4,3.4,6,145,4.2,100.0
655,21,Intermediate,4,4,career,Yes,10.0,6.2,2.6,7.4,3.3,7.7,12,139,4.1,100.0
656,42,Advanced,8,5,health,No,9.1,8.5,5.2,10.0,4.5,8.7,10,152,5.1,100.0
657,38,Intermediate,4,3,career,No,8.7,6.7,2.6,3.6,7.1,6.8,4,102,7.5,100.0
658,42,Expert,11,9,finance,No,5.1,8.5,4.6,5.5,6.0,7.1,8,178,5.5,100.0
659,21,Beginner,0,1,finance,No,6.8,7.4,1.0,7.7,7.9,5.6,7,112,7.6,100.0
660,27,Advanced,5,6,career,No,6.4,4.7,1.5,7.4,6.4,10.0,5,103,3.4,100.0
661,22,Advanced,8,6,education,No,4.6,6.6,3.7,10.0,5.3,5.6,6,132,2.8,100.0
662,26,Advanced,6,10,finance,Yes,8.7,10.0,8.4,6.3,10.0,8.4,13,229,6.6,100.0
663,41,Advanced,5,5,education,No,5.5,6.5,4.4,5.1,5.8,5.2,3,109,5.4,100.0
664,20,Advanced,5,5,travel,No,7.7,8.0,5.6,6.4,8.3,6.2,12,154,6.4,100.0
665,34,Intermediate,2,10,health,No,5.3,6.1,6.0,3.3,5.2,4.6,8,114,6.4,100.0
666,20,Beginner,1,5,career,Yes,10.0,7.8,5.5,3.9,7.4,3.7,7,124,7.3,100.0
667,33,Beginner,1,6,finance,No,5.2,6.5,3.6,8.1,7.9,7.9,3,96,3.0,100.0
668,21,Expert,12,8,education,Yes,8.0,8.5,7.7,9.0,6.4,10.0,14,193,5.3,100.0
669,35,Intermediate,4,2,finance,No,8.6,7.6,1.3,7.4,1.3,7.9,7,122,3.4,100.0
670,34,Advanced,7,6,career,No,5.9,8.1,5.1,3.7,6.0,6.4,12,206,5.4,100.0
671,24,Intermediate,4,1,health,No,9.1,9.5,3.2,5.9,8.5,4.5,3,119,7.5,100.0
672,41,Beginner,1,4,education,No,4.1,7.6,2.3,3.7,7.1,6.3,11,192,8.5,100.0
673,40,Beginner,0,10,education,No,9.5,6.9,6.9,8.4,6.9,10.0,3,133,3.3,100.0
674,22,Intermediate,3,3,career,No,7.0,5.4,4.1,5.3,2.6,5.4,8,139,6.1,100.0
675,29,Intermediate,4,9,purchase,No,4.6,4.8,5.6,4.5,4.6,5.2,2,67,6.6,100.0
676,34,Beginner,0,3,finance,No,6.4,6.6,1.0,6.1,6.8,4.7,8,144,6.7,100.0
677,40,Intermediate,2,6,finance,Yes,9.6,7.7,7.5,4.4,6.8,4.6,13,158,6.4,100.0
678,30,Beginner,1,1,education,No,5.4,5.9,1.0,9.1,8.4,1.6,6,133,3.7,100.0
679,40,Intermediate,2,6,finance,No,5.5,5.9,4.2,4.9,5.7,6.6,2,92,2.7,100.0
680,42,Beginner,0,4,finance,No,6.6,4.4,4.6,3.2,6.8,3.2,7,97,5.7,100.0
681,20,Advanced,8,8,career,No,4.6,5.9,4.2,3.0,6.0,2.9,8,107,8.3,100.0
682,26,Intermediate,2,9,education,No,10.0,6.8,4.1,6.3,4.0,7.8,2,59,3.6,100.0
683,34,Intermediate,3,4,education,No,5.5,4.3,3.0,5.4,1.5,4.0,10,103,5.9,100.0
684,34,Beginner,1,10,health,No,9.1,7.8,3.5,3.3,6.9,4.4,8,172,6.1,100.0
685,37,Beginner,0,10,purchase,Yes,7.2,8.6,6.0,8.4,6.3,9.6,4,130,4.7,100.0
686,33,Intermediate,2,6,career,No,5.0,8.6,4.3,7.7,4.8,3.9,4,135,7.1,100.0
687,42,Intermediate,4,1,relationship,No,6.5,8.8,1.0,6.6,2.8,3.7,6,164,6.0,100.0
688,39,Intermediate,2,4,finance,No,8.6,8.1,1.0,9.1,7.3,7.8,5,170,4.7,100.0
689,30,Beginner,1,7,career,Yes,7.6,9.7,7.3,6.8,5.5,8.6,5,180,5.3,100.0
690,44,Intermediate,3,1,relationship,No,8.9,5.0,1.0,4.9,7.1,2.8,2,65,6.7,100.0
691,36,Advanced,6,8,education,No,8.6,5.5,7.6,4.2,9.7,7.0,5,71,5.5,100.0
692,34,Advanced,5,10,career,No,8.8,2.6,6.1,8.5,1.7,8.7,8,132,2.1,100.0
693,21,Beginner,1,6,finance,No,6.1,9.4,2.4,7.0,4.6,2.2,12,236,9.1,100.0
694,29,Intermediate,2,5,finance,No,4.8,10.0,3.7,6.7,5.6,8.0,5,163,6.9,100.0
695,26,Beginner,0,10,finance,No,5.8,6.6,6.1,4.3,8.9,7.0,10,127,4.9,100.0
696,36,Beginner,0,9,education,No,7.0,6.1,3.8,7.2,2.7,5.7,9,154,4.7,100.0
697,29,Expert,11,2,relationship,No,7.6,5.0,3.8,6.3,9.9,10.0,9,122,3.4,100.0
698,26,Beginner,0,5,relationship,Yes,3.2,7.6,2.2,5.8,6.3,8.1,8,147,5.5,100.0
699,24,Intermediate,4,6,purchase,No,5.8,6.6,1.0,9.6,5.8,8.0,2,117,6.7,100.0
700,45,Intermediate,3,7,career,No,7.3,4.2,6.8,5.2,5.6,5.2,10,127,5.2,100.0
701,31,Advanced,7,5,relationship,No,5.9,6.9,2.4,4.0,5.1,4.4,3,89,4.1,100.0
702,37,Intermediate,3,9,relationship,No,9.1,5.8,4.8,4.4,8.1,5.7,7,115,5.0,100.0
703,36,Beginner,1,1,health,No,8.2,8.0,1.0,8.2,3.9,7.9,11,184,2.4,100.0
704,43,Intermediate,4,7,travel,Yes,10.0,8.3,7.5,6.5,6.7,6.0,8,167,5.6,100.0
705,32,Intermediate,2,10,purchase,Yes,6.4,5.3,4.3,6.1,5.2,1.8,13,156,3.4,100.0
706,33,Beginner,0,7,relationship,No,8.4,6.0,4.6,5.0,4.5,8.0,9,153,3.9,100.0
707,38,Intermediate,2,4,education,No,9.9,6.2,4.2,7.3,10.0,7.0,12,149,2.6,100.0
708,22,Beginner,1,9,career,No,9.6,8.6,6.6,4.5,6.8,4.7,4,140,7.6,100.0
709,20,Beginner,0,5,career,No,4.8,7.7,3.1,6.6,7.2,7.8,7,83,5.2,100.0
710,29,Intermediate,2,4,finance,Yes,7.5,8.7,1.0,4.9,8.3,8.8,9,160,6.3,100.0
711,42,Beginner,1,7,finance,No,6.3,5.5,3.2,4.4,3.2,1.0,11,155,6.6,100.0
712,37,Intermediate,2,4,health,No,8.4,7.2,2.9,5.1,9.5,6.7,4,113,4.1,100.0
713,44,Intermediate,3,3,health,Yes,9.8,10.0,1.0,5.7,1.0,3.4,10,182,8.3,100.0
714,38,Advanced,6,9,education,No,4.9,6.6,6.2,6.9,4.5,8.2,12,142,6.8,100.0
715,21,Beginner,1,8,health,No,7.5,8.9,6.4,6.6,5.1,6.5,5,164,6.5,100.0
716,38,Beginner,1,1,health,No,3.4,10.0,2.3,1.0,7.2,5.5,6,176,8.3,100.0
717,40,Beginner,0,7,career,No,9.9,8.7,2.5,4.4,6.4,4.3,10,189,5.6,100.0
718,33,Intermediate,4,9,career,No,6.0,7.1,9.6,5.2,5.7,2.5,7,107,5.7,100.0
719,42,Advanced,6,8,health,No,7.5,7.0,6.5,10.0,6.0,7.3,11,157,4.3,100.0
720,24,Beginner,0,8,relationship,No,5.9,2.1,5.2,3.8,4.0,5.9,5,60,5.4,100.0
721,30,Expert,9,6,education,Yes,9.9,7.0,5.8,7.8,3.0,10.0,11,155,4.2,100.0
722,38,Beginner,1,4,career,No,1.3,6.5,6.6,9.2,7.5,4.8,10,137,5.5,100.0
723,27,Intermediate,2,8,career,No,7.0,7.6,2.8,3.7,7.4,7.4,11,161,7.1,100.0
724,43,Advanced,8,3,relationship,No,6.3,6.0,1.6,8.1,9.2,6.6,6,133,4.8,100.0
725,24,Advanced,6,9,finance,No,6.1,7.0,1.8,5.4,4.4,7.4,3,77,4.6,100.0
726,31,Advanced,5,2,career,No,10.0,4.2,1.6,5.8,7.4,5.6,7,134,4.6,100.0
727,43,Advanced,6,2,purchase,No,4.0,3.3,1.9,5.4,5.4,7.0,12,130,2.8,100.0
728,22,Intermediate,3,7,career,Yes,9.5,8.6,4.5,5.0,8.4,7.8,11,178,6.2,100.0
729,20,Advanced,8,10,health,No,8.1,10.0,5.4,10.0,8.0,6.1,6,182,5.9,100.0
730,40,Beginner,1,4,finance,No,9.5,7.3,1.0,7.9,6.4,5.3,2,84,7.2,100.0
731,28,Advanced,8,10,career,Yes,6.7,8.3,7.1,8.8,5.3,8.5,11,164,2.9,100.0
732,28,Intermediate,2,8,finance,No,5.5,9.0,7.7,6.6,7.9,10.0,10,176,5.8,100.0
733,35,Advanced,7,9,education,No,8.8,5.2,4.8,4.0,7.3,4.6,2,109,7.6,100.0
734,32,Intermediate,2,7,relationship,No,7.4,6.8,5.3,7.1,4.6,10.0,9,145,5.0,100.0
735,29,Intermediate,2,5,purchase,No,2.7,3.6,1.0,8.5,3.3,10.0,11,127,3.2,100.0
736,26,Intermediate,3,8,career,No,5.9,8.4,6.0,4.8,5.4,5.7,3,118,7.4,100.0
737,27,Advanced,8,4,purchase,No,6.6,5.0,1.9,9.3,9.0,7.7,5,109,4.7,100.0
738,43,Beginner,1,2,finance,No,8.7,8.0,1.0,7.6,8.3,5.2,3,154,4.3,100.0
739,29,Beginner,1,6,purchase,No,4.4,3.5,2.6,9.9,3.8,7.2,3,88,1.0,100.0
740,34,Beginner,1,9,health,No,1.6,8.9,5.2,5.3,3.7,3.0,11,182,7.4,100.0
741,23,Beginner,1,1,education,Yes,8.6,10.0,1.3,4.0,8.5,5.2,6,178,5.2,100.0
742,24,Advanced,8,10,relationship,Yes,5.1,5.4,4.3,6.6,3.7,10.0,11,151,5.1,100.0
743,31,Beginner,0,7,career,No,3.0,6.5,3.9,8.9,7.0,5.6,5,127,5.9,100.0
744,30,Expert,11,10,career,No,1.3,7.4,6.4,4.2,4.8,6.6,8,166,5.7,100.0
745,25,Intermediate,4,9,education,No,8.2,7.8,4.0,2.5,9.2,1.9,11,189,7.7,100.0
746,27,Beginner,1,10,health,No,7.7,6.9,9.6,5.6,4.5,6.6,4,115,5.4,100.0
747,26,Advanced,6,9,purchase,No,5.3,1.0,4.4,6.1,8.3,7.4,11,100,2.5,100.0
748,35,Intermediate,3,10,finance,No,9.8,9.7,5.4,6.5,6.4,6.7,12,191,6.6,100.0
749,44,Intermediate,3,3,finance,No,8.3,8.7,1.0,8.4,6.5,6.8,4,122,6.0,100.0
750,43,Intermediate,4,5,career,No,10.0,4.2,6.3,5.6,2.1,5.8,3,74,4.3,100.0
751,19,Advanced,6,8,travel,No,3.6,5.8,6.1,3.3,1.6,6.9,7,121,6.9,100.0
752,22,Beginner,0,8,purchase,No,5.7,7.3,3.6,10.0,5.6,7.2,7,110,4.5,100.0
753,22,Expert,9,4,travel,Yes,4.2,9.9,4.5,5.5,6.5,7.8,4,168,5.9,100.0
754,23,Expert,10,1,finance,No,6.5,9.0,1.0,5.5,3.7,7.8,8,116,7.8,100.0
755,36,Intermediate,2,1,health,No,6.9,7.5,1.1,8.5,3.8,9.3,5,179,2.4,100.0
756,25,Beginner,0,4,purchase,Yes,8.1,5.7,2.0,5.2,7.1,6.9,14,190,4.9,100.0
757,33,Intermediate,4,6,finance,No,7.1,7.3,2.6,6.5,7.1,7.1,4,117,6.4,100.0
758,30,Beginner,1,8,education,No,7.8,8.3,5.8,7.1,5.7,9.4,9,164,4.0,100.0
759,18,Beginner,1,6,travel,No,7.8,5.4,3.0,8.3,7.6,7.7,3,98,4.0,100.0
760,39,Beginner,1,9,education,No,10.0,5.2,8.9,4.8,3.7,8.2,10,122,5.3,100.0
761,37,Intermediate,4,9,purchase,No,5.2,6.4,3.7,9.7,5.3,9.0,9,144,2.2,100.0
762,34,Advanced,5,2,finance,Yes,6.1,8.2,3.9,2.6,9.3,1.8,11,172,8.3,100.0
763,24,Advanced,5,10,finance,No,7.5,9.7,6.3,8.4,6.1,10.0,4,149,4.8,100.0
764,42,Advanced,8,1,travel,No,4.8,5.7,1.2,5.7,6.3,7.3,5,112,4.1,100.0
765,30,Intermediate,3,2,career,No,10.0,6.9,2.7,9.2,10.0,7.4,3,87,6.8,100.0
766,21,Intermediate,2,5,purchase,No,5.2,3.3,2.2,6.6,3.2,7.0,3,69,2.5,100.0
767,21,Intermediate,4,4,purchase,No,4.7,4.8,4.1,5.3,7.6,5.6,5,101,6.1,100.0
768,23,Expert,11,4,health,No,6.5,5.4,1.0,9.2,9.3,9.2,7,120,2.5,100.0
769,45,Beginner,1,9,travel,No,7.8,6.0,4.6,8.0,5.4,5.5,6,114,3.2,100.0
770,36,Advanced,7,8,finance,No,6.7,5.2,3.6,8.5,7.7,10.0,2,105,3.0,100.0
771,29,Intermediate,4,6,finance,No,5.7,8.6,1.8,4.6,4.0,5.8,11,173,7.6,100.0
772,39,Intermediate,3,1,career,No,10.0,8.1,1.0,5.5,4.6,5.4,2,124,7.5,100.0
773,24,Advanced,8,2,relationship,No,4.8,3.4,2.0,7.3,6.8,5.8,7,117,5.4,100.0
774,44,Intermediate,4,6,finance,No,7.1,9.6,5.1,6.6,7.6,7.3,4,148,9.8,100.0
775,27,Advanced,8,2,finance,No,8.3,10.0,1.7,8.8,8.2,8.5,4,158,5.6,100.0
776,43,Advanced,8,10,education,Yes,4.3,7.4,5.4,3.3,9.1,7.0,10,157,5.6,100.0
777,36,Intermediate,4,5,travel,Yes,8.4,6.6,3.9,7.3,5.9,4.9,4,135,5.7,100.0
778,24,Beginner,1,5,career,No,4.9,10.0,3.5,5.6,8.4,2.7,2,137,7.6,100.0
779,20,Intermediate,4,6,finance,Yes,9.6,6.2,5.5,5.0,5.3,7.4,13,185,6.3,100.0
780,30,Advanced,5,6,education,Yes,5.7,7.3,5.2,5.3,7.8,9.4,6,132,3.5,100.0
781,30,Beginner,1,6,career,No,8.4,7.3,4.0,5.7,6.4,3.9,9,136,9.1,100.0
782,35,Intermediate,3,2,career,No,9.2,9.2,1.0,1.0,6.9,7.8,2,144,8.9,100.0
783,45,Intermediate,3,10,career,No,8.7,7.6,5.4,5.1,6.8,6.6,11,161,4.0,100.0
784,43,Advanced,5,3,health,Yes,8.9,7.8,1.0,5.1,2.8,6.3,7,157,5.3,100.0
785,37,Beginner,0,6,career,Yes,7.5,6.3,3.4,7.1,3.8,5.4,12,108,6.0,100.0
786,45,Advanced,6,8,travel,Yes,6.2,7.1,5.7,5.4,6.2,3.9,7,137,7.7,100.0
787,25,Advanced,5,1,relationship,No,9.4,4.6,1.9,6.4,2.6,8.8,11,123,2.1,100.0
788,26,Beginner,1,1,health,No,6.0,7.9,1.0,9.3,7.7,5.6,9,139,5.8,100.0
789,24,Beginner,0,2,finance,No,4.9,6.6,1.3,8.0,7.7,5.0,8,127,2.6,100.0
790,18,Expert,11,6,relationship,Yes,8.8,4.6,4.1,9.6,6.7,10.0,6,91,2.1,100.0
791,20,Beginner,0,9,purchase,No,4.2,6.8,5.0,5.0,3.8,1.7,8,139,8.2,100.0
792,30,Advanced,6,4,purchase,No,3.9,4.0,1.0,8.1,8.8,4.5,8,81,3.2,100.0
793,45,Intermediate,2,3,purchase,No,2.9,2.8,1.0,5.9,10.0,6.1,11,115,1.9,100.0
794,42,Beginner,1,8,health,No,6.4,7.5,4.0,5.8,6.3,6.5,4,149,5.9,100.0
795,45,Advanced,5,10,education,No,6.4,6.6,7.3,7.0,7.0,8.0,3,112,3.8,100.0
796,34,Intermediate,4,9,education,Yes,8.1,4.5,4.7,5.5,6.4,5.7,12,151,5.4,100.0
797,42,Intermediate,4,5,purchase,Yes,8.7,6.1,2.8,9.7,7.1,10.0,4,127,1.8,100.0
798,41,Intermediate,2,9,career,No,8.1,5.3,6.6,6.0,5.8,5.7,8,144,3.9,100.0
799,18,Intermediate,2,2,career,No,6.6,9.7,2.2,7.6,5.9,6.3,5,191,3.7,100.0
800,23,Beginner,1,3,finance,Yes,7.6,9.1,1.0,9.1,7.8,5.5,5,141,5.8,100.0
801,38,Intermediate,2,7,purchase,Yes,7.8,5.0,6.2,8.4,10.0,7.3,5,87,3.3,100.0
802,23,Expert,9,7,relationship,Yes,10.0,5.8,6.5,4.7,3.2,8.1,11,160,3.5,100.0
803,43,Beginner,0,6,relationship,No,6.8,6.0,2.0,6.9,5.8,8.6,8,143,4.4,100.0
804,29,Intermediate,2,6,education,No,5.7,7.5,2.5,8.0,3.6,3.9,8,162,6.8,100.0
805,30,Intermediate,3,2,education,No,4.6,6.5,3.3,8.3,9.2,6.7,6,158,4.1,100.0
806,30,Advanced,5,10,education,No,3.7,6.2,6.3,4.6,4.8,7.1,11,150,5.7,100.0
807,32,Beginner,1,6,finance,No,8.3,7.6,1.0,4.9,3.1,6.8,9,163,6.3,100.0
808,38,Expert,11,4,purchase,No,7.0,3.8,1.0,9.8,7.3,9.0,3,56,1.0,72.2
809,33,Intermediate,3,3,finance,No,8.2,7.0,1.5,5.0,9.5,7.1,3,150,8.1,100.0
810,39,Beginner,0,2,career,No,6.7,3.7,1.0,5.4,7.3,4.0,6,84,4.2,100.0
811,38,Beginner,0,1,career,Yes,10.0,9.4,1.0,9.2,6.4,10.0,4,141,5.3,100.0
812,28,Beginner,1,5,finance,No,6.0,8.0,3.3,6.1,6.8,8.0,7,141,6.4,100.0
813,45,Intermediate,4,2,relationship,No,8.4,5.0,3.8,5.2,8.8,3.6,5,88,5.4,100.0
814,22,Intermediate,2,2,education,No,6.5,9.5,1.0,4.6,4.3,3.5,7,153,8.5,100.0
815,21,Advanced,5,7,career,No,5.8,7.1,6.4,7.5,5.8,5.1,8,134,5.6,100.0
816,20,Intermediate,2,8,purchase,No,7.0,3.1,7.6,3.0,5.1,6.5,4,47,3.1,100.0
817,36,Beginner,0,10,health,No,8.2,9.2,8.9,4.8,3.7,2.9,12,178,7.3,100.0
818,37,Intermediate,3,8,finance,No,7.7,8.1,5.7,7.2,5.3,6.1,9,197,4.9,100.0
819,42,Advanced,8,4,relationship,No,6.7,6.8,1.0,9.9,8.2,9.5,8,153,2.7,100.0
820,35,Beginner,1,1,finance,No,6.9,6.8,1.4,7.5,7.1,6.4,2,120,3.3,100.0
821,32,Beginner,0,7,health,No,10.0,8.5,6.3,4.6,7.3,5.9,7,175,8.1,100.0
822,26,Beginner,0,1,relationship,Yes,9.9,6.6,1.0,8.4,6.3,4.5,10,182,6.8,100.0
823,34,Advanced,7,4,career,No,8.4,7.9,5.6,6.6,7.0,8.4,12,145,6.3,100.0
824,31,Intermediate,3,8,career,No,7.2,4.0,6.7,4.0,4.4,4.4,5,65,6.8,100.0
825,32,Intermediate,2,2,health,Yes,10.0,7.9,2.3,6.0,5.4,5.5,5,120,5.7,100.0
826,18,Advanced,5,6,education,No,7.6,9.3,5.7,9.7,6.4,8.5,11,179,3.9,100.0
827,38,Advanced,6,6,finance,No,7.1,6.3,4.5,7.3,6.6,7.5,10,140,3.4,100.0
828,39,Intermediate,3,9,purchase,No,5.2,3.8,1.6,6.5,6.6,6.6,8,96,4.6,100.0
829,39,Advanced,6,5,purchase,No,5.6,4.1,2.4,10.0,5.7,6.7,2,75,2.9,100.0
830,20,Beginner,1,10,travel,No,1.0,4.9,8.5,2.6,5.2,4.2,9,123,6.1,100.0
831,33,Beginner,1,4,education,Yes,8.0,3.8,1.2,3.6,10.0,5.2,6,78,6.7,100.0
832,40,Beginner,0,5,health,No,6.4,7.4,2.9,2.8,7.8,2.0,5,90,8.4,100.0
833,42,Beginner,1,10,purchase,No,9.0,5.0,4.7,6.9,6.8,5.4,6,88,3.5,100.0
834,28,Intermediate,2,5,education,No,6.6,6.4,6.3,6.7,5.5,7.2,2,89,3.9,100.0
835,29,Expert,9,8,relationship,Yes,5.1,6.8,8.1,9.9,5.1,6.2,9,141,4.9,100.0
836,27,Beginner,1,10,finance,Yes,7.9,8.4,5.0,6.7,5.7,8.6,13,168,6.5,100.0
837,33,Beginner,1,8,career,No,4.9,8.6,5.5,5.4,6.6,8.3,7,147,6.6,100.0
838,25,Intermediate,2,2,education,No,7.5,6.2,1.0,6.3,2.2,3.8,3,82,7.9,100.0
839,23,Expert,10,7,education,No,7.2,5.6,5.6,7.9,2.9,10.0,12,147,5.2,100.0
840,29,Intermediate,3,8,career,No,8.9,6.6,6.1,3.2,4.7,5.1,11,135,7.1,100.0
841,41,Intermediate,3,6,health,No,5.8,8.7,5.3,10.0,6.4,8.6,7,141,3.3,100.0
842,45,Beginner,1,5,relationship,No,6.6,8.5,3.8,7.2,5.5,5.4,9,142,4.4,100.0
843,38,Beginner,1,9,career,No,4.3,6.0,10.0,5.9,9.0,7.8,7,121,4.2,100.0
844,25,Expert,11,3,travel,No,7.8,7.0,1.0,9.1,3.0,9.6,5,108,4.5,100.0
845,43,Expert,9,10,finance,Yes,9.0,8.8,3.6,8.9,4.5,6.7,7,174,7.4,100.0
846,45,Beginner,0,4,career,No,8.0,5.4,1.9,5.7,9.0,3.4,10,142,6.1,100.0
847,21,Expert,10,9,health,Yes,8.4,8.6,3.2,6.4,6.3,4.7,9,166,7.9,100.0
848,43,Intermediate,4,6,purchase,No,6.6,2.5,1.4,7.9,7.8,7.5,9,79,2.2,100.0
849,25,Advanced,8,8,career,No,10.0,4.2,3.5,8.1,10.0,9.1,9,121,3.5,100.0
850,43,Intermediate,3,7,purchase,No,5.2,5.4,3.0,4.9,4.6,7.3,8,135,5.9,100.0
851,45,Intermediate,4,2,health,Yes,8.7,8.0,1.0,9.5,5.8,7.5,6,144,2.0,100.0
852,35,Intermediate,3,3,career,No,4.8,7.3,2.8,7.1,5.5,4.4,11,193,5.2,100.0
853,45,Intermediate,4,1,career,Yes,6.3,7.8,1.0,8.1,2.1,5.9,4,136,6.3,100.0
854,45,Beginner,1,9,health,No,7.6,6.2,5.5,9.0,5.4,9.4,6,137,3.7,100.0
855,22,Beginner,0,7,finance,Yes,10.0,8.2,6.1,6.0,7.8,4.9,13,189,4.9,100.0
856,26,Intermediate,4,1,travel,Yes,6.9,5.6,1.0,7.3,7.1,7.3,13,168,1.2,100.0
857,21,Advanced,5,3,education,No,6.1,8.7,1.5,8.5,7.2,5.4,3,118,5.2,100.0
858,44,Beginner,1,4,travel,Yes,6.6,5.4,3.2,4.7,5.2,6.2,13,145,5.1,100.0
859,39,Intermediate,4,4,finance,No,5.9,7.2,1.0,6.8,4.7,5.9,3,121,4.3,100.0
860,34,Expert,9,5,travel,No,7.0,5.1,1.0,7.8,8.5,10.0,8,126,3.3,100.0
861,26,Beginner,1,3,relationship,Yes,4.5,7.9,2.5,4.3,5.0,7.0,14,198,6.9,100.0
862,18,Intermediate,3,3,finance,No,9.6,7.0,2.8,10.0,6.6,6.8,4,137,4.8,100.0
863,38,Intermediate,4,1,career,No,5.7,6.2,4.2,3.9,6.3,5.5,9,112,3.2,100.0
864,37,Advanced,8,7,career,No,8.4,8.4,4.8,4.7,8.9,5.6,10,153,5.1,100.0
865,30,Beginner,1,10,purchase,Yes,4.3,5.6,7.9,8.1,7.9,3.9,11,148,4.4,100.0
866,45,Intermediate,3,1,relationship,No,7.8,7.0,1.0,7.9,3.4,5.3,7,123,5.7,100.0
867,33,Advanced,7,2,finance,Yes,9.3,6.7,1.8,5.1,3.6,7.1,8,200,6.0,100.0
868,30,Expert,12,4,health,No,8.2,5.6,5.4,9.2,7.2,9.6,4,110,3.4,100.0
869,31,Intermediate,2,4,finance,No,5.0,7.7,1.0,9.3,5.9,7.6,4,125,3.8,100.0
870,20,Intermediate,4,5,health,No,7.9,7.3,4.0,6.6,5.1,6.1,8,136,5.0,100.0
871,23,Intermediate,3,2,finance,No,4.6,8.5,4.9,10.0,8.0,9.6,6,139,3.0,100.0
872,35,Advanced,8,4,education,No,6.1,6.4,3.1,3.9,6.4,6.6,7,129,6.8,100.0
873,36,Intermediate,3,1,education,No,8.7,6.8,3.5,7.9,6.1,8.4,7,136,3.1,100.0
874,22,Beginner,0,2,relationship,Yes,9.1,4.4,1.0,8.3,7.6,3.1,12,127,5.3,100.0
875,32,Expert,9,1,finance,No,7.0,10.0,1.0,9.3,5.2,1.0,2,137,7.3,100.0
876,42,Intermediate,2,10,finance,No,5.1,7.2,6.6,5.9,9.1,6.7,9,175,5.4,100.0
877,19,Intermediate,3,10,education,No,7.9,7.6,2.7,5.9,4.4,3.5,11,192,5.7,100.0
878,27,Beginner,1,4,finance,No,7.0,6.2,1.0,7.1,7.3,6.0,6,124,3.2,100.0
879,41,Intermediate,3,4,finance,No,2.4,8.0,1.0,8.1,8.9,6.5,7,124,4.4,100.0
880,35,Intermediate,2,7,career,Yes,9.6,5.7,5.9,7.5,3.2,9.9,9,142,3.1,100.0
881,44,Intermediate,4,10,relationship,No,6.5,6.9,8.0,8.0,5.3,8.0,2,133,1.4,100.0
882,30,Beginner,1,9,relationship,Yes,9.9,6.4,6.4,4.1,8.3,5.7,6,148,5.8,100.0
883,22,Intermediate,2,9,education,No,4.4,6.5,7.3,5.2,8.3,7.6,7,144,6.4,100.0
884,40,Expert,12,5,finance,No,1.0,8.6,3.0,6.1,5.7,8.6,12,211,6.3,100.0
885,41,Beginner,1,10,relationship,No,7.1,4.2,8.5,4.7,4.5,4.6,12,134,4.5,100.0
886,18,Expert,11,1,education,No,7.2,5.4,1.0,9.9,7.9,10.0,10,146,2.5,100.0
887,39,Intermediate,2,1,education,No,3.2,7.2,1.0,6.5,8.4,4.2,7,127,5.3,100.0
888,18,Advanced,6,6,relationship,Yes,5.5,10.0,3.4,10.0,3.7,8.9,9,189,5.0,100.0
889,35,Advanced,8,2,relationship,No,10.0,6.0,2.5,7.7,3.6,4.7,2,118,6.7,100.0
890,32,Intermediate,4,8,finance,Yes,7.4,9.2,4.5,6.8,6.5,7.2,12,182,7.1,100.0
891,34,Advanced,6,9,travel,No,7.9,6.6,7.5,6.5,7.3,7.4,5,104,5.5,100.0
892,28,Advanced,7,4,career,No,5.7,10.0,1.0,5.9,5.4,10.0,3,150,5.3,100.0
893,38,Intermediate,4,5,travel,Yes,3.2,4.8,1.4,6.6,7.4,3.6,4,88,5.9,100.0
894,43,Intermediate,2,8,purchase,No,5.5,5.0,6.4,8.6,4.6,5.9,4,105,1.7,100.0
895,42,Intermediate,4,3,health,No,6.9,5.2,1.8,6.9,1.8,8.5,4,88,3.5,100.0
896,39,Advanced,6,5,career,No,6.2,3.0,2.5,5.4,5.2,7.3,6,113,4.3,100.0
897,44,Advanced,7,3,relationship,No,6.3,6.7,3.5,5.3,6.1,7.1,2,79,6.2,100.0
898,44,Advanced,7,10,relationship,Yes,8.0,7.2,5.5,6.3,5.4,5.2,10,179,6.6,100.0
899,34,Intermediate,2,3,career,Yes,7.7,7.3,1.6,6.5,3.7,5.2,4,108,6.1,100.0
900,30,Advanced,7,3,purchase,No,3.3,4.6,4.3,9.6,2.4,10.0,5,63,2.0,89.8
901,18,Beginner,0,7,travel,No,7.4,10.0,7.2,2.6,5.0,4.6,7,176,9.1,100.0
902,19,Intermediate,3,7,health,Yes,4.5,8.2,7.2,5.2,7.8,6.8,4,128,5.0,100.0
903,26,Beginner,1,7,purchase,No,1.7,5.6,4.1,6.5,8.5,5.9,8,105,3.8,100.0
904,20,Intermediate,2,10,career,Yes,9.5,6.8,8.6,2.0,8.4,2.4,13,139,7.8,100.0
905,18,Intermediate,2,8,relationship,No,7.5,6.7,3.6,4.7,4.4,7.6,8,138,5.7,100.0
906,38,Intermediate,2,5,career,No,6.9,6.6,1.7,5.0,3.7,6.8,4,131,3.3,100.0
907,33,Intermediate,4,5,health,No,4.6,7.1,1.0,5.1,7.0,10.0,5,136,5.5,100.0
908,40,Intermediate,2,4,travel,No,5.0,9.7,5.4,6.7,7.3,4.4,7,170,7.8,100.0
909,23,Intermediate,4,7,purchase,No,5.3,6.7,3.1,6.3,6.8,8.3,12,171,4.6,100.0
910,45,Beginner,0,10,career,Yes,4.8,8.0,6.3,4.9,2.0,2.8,10,166,10.0,100.0
911,34,Intermediate,3,4,finance,Yes,6.5,4.6,1.1,7.4,4.3,7.1,7,82,2.9,100.0
912,22,Beginner,1,2,health,No,8.7,7.2,2.5,9.6,5.9,9.2,11,137,3.1,100.0
913,22,Beginner,1,4,relationship,No,9.4,10.0,2.0,9.4,7.0,3.1,12,198,6.0,100.0
914,23,Intermediate,3,8,education,No,5.8,6.1,3.0,2.7,7.5,4.8,10,141,6.5,100.0
915,20,Intermediate,3,9,education,No,8.1,8.3,6.6,7.7,6.3,5.8,10,184,5.2,100.0
916,38,Intermediate,3,3,health,No,3.6,10.0,1.0,6.1,6.7,5.0,10,204,5.4,100.0
917,40,Intermediate,4,7,finance,Yes,9.3,8.7,3.1,7.0,6.2,7.6,13,203,4.9,100.0
918,22,Intermediate,4,9,finance,No,5.4,6.2,2.3,5.9,7.4,8.7,7,121,4.4,100.0
919,38,Advanced,5,4,career,No,7.6,3.1,1.0,7.1,6.6,6.8,3,40,4.7,100.0
920,22,Intermediate,4,10,finance,No,6.5,8.6,6.8,7.0,6.1,7.3,3,139,8.3,100.0
921,27,Intermediate,4,3,relationship,No,9.1,4.9,1.0,5.5,5.5,6.6,12,150,6.2,100.0
922,27,Beginner,1,5,purchase,Yes,5.1,5.9,1.0,4.4,6.2,5.5,7,80,4.8,100.0
923,36,Intermediate,4,1,purchase,No,7.1,2.8,1.0,5.8,7.0,4.3,10,89,3.3,100.0
924,34,Intermediate,3,3,career,No,6.4,6.6,1.0,7.0,6.5,8.9,4,100,4.1,100.0
925,38,Intermediate,2,8,relationship,No,6.2,6.3,8.6,6.8,6.8,7.1,7,129,6.8,100.0
926,31,Intermediate,2,8,career,Yes,7.6,8.2,8.3,7.3,8.7,7.4,5,124,5.1,100.0
927,26,Intermediate,4,4,career,Yes,6.3,6.0,1.1,5.7,6.5,4.8,4,106,3.9,100.0
928,31,Intermediate,2,2,education,No,6.6,8.4,2.2,6.9,4.7,5.6,6,143,5.4,100.0
929,18,Advanced,8,8,career,No,6.9,6.0,6.5,9.3,7.8,8.0,9,134,4.4,100.0
930,36,Advanced,8,8,relationship,No,7.0,3.5,4.2,9.7,3.3,5.4,11,105,3.7,100.0
931,30,Advanced,8,10,career,No,7.2,6.8,4.0,7.2,3.8,4.2,11,146,5.2,100.0
932,30,Expert,11,4,education,No,8.2,6.6,2.6,7.4,6.7,7.0,3,87,5.4,100.0
933,21,Beginner,0,3,health,No,9.2,8.1,1.7,6.4,7.0,7.0,11,180,2.9,100.0
934,18,Beginner,1,2,finance,No,4.9,9.7,1.0,3.9,3.5,4.0,10,196,8.1,100.0
935,34,Beginner,1,9,health,Yes,10.0,8.2,6.6,5.8,5.2,3.9,11,161,7.7,100.0
936,25,Intermediate,3,1,purchase,No,3.4,4.6,1.0,8.0,4.8,5.4,4,117,2.9,100.0
937,19,Advanced,6,7,travel,No,7.6,5.0,2.6,8.3,5.0,6.7,2,77,2.7,100.0
938,45,Beginner,1,5,finance,Yes,9.2,9.6,3.4,5.6,7.9,5.2,7,195,4.8,100.0
939,25,Expert,11,8,education,Yes,3.8,7.6,5.9,8.3,7.4,10.0,11,156,5.9,100.0
940,24,Beginner,1,4,travel,No,6.6,6.1,1.0,4.5,6.0,7.6,4,71,4.4,100.0
941,43,Expert,9,7,education,No,5.7,3.5,6.1,8.9,4.9,10.0,11,125,2.2,100.0
942,43,Intermediate,4,5,health,No,5.9,10.0,1.0,6.5,3.3,9.0,3,152,6.7,100.0
943,19,Beginner,1,5,health,Yes,10.0,6.6,2.3,5.6,8.8,3.9,10,150,7.9,100.0
944,39,Intermediate,4,9,relationship,No,5.2,5.3,5.4,5.9,7.2,4.1,5,91,5.1,100.0
945,39,Beginner,1,9,purchase,No,4.2,5.4,4.8,6.0,4.6,3.8,7,116,4.7,100.0
946,20,Beginner,0,9,health,Yes,8.6,6.7,4.9,5.1,7.4,8.2,8,129,5.4,100.0
947,44,Intermediate,4,6,purchase,No,7.2,2.4,7.1,7.3,5.9,5.9,3,51,4.6,100.0
948,35,Advanced,5,6,relationship,No,6.2,2.8,2.5,6.0,5.4,4.2,11,125,3.9,100.0
949,29,Intermediate,4,5,purchase,No,8.1,6.0,7.4,9.2,6.9,6.8,3,103,2.6,100.0
950,18,Intermediate,2,9,education,Yes,8.7,6.4,6.6,9.3,4.5,6.8,12,170,2.1,100.0
951,39,Intermediate,2,10,career,Yes,3.6,10.0,6.7,4.6,5.3,6.2,14,210,5.9,100.0
952,29,Advanced,6,8,education,No,5.5,4.9,6.0,7.1,6.2,7.8,11,129,4.8,100.0
953,22,Beginner,0,7,health,Yes,7.3,7.1,8.9,4.0,5.0,3.5,5,105,6.5,100.0
954,44,Intermediate,3,7,education,No,7.6,5.6,2.9,5.8,7.3,7.7,9,124,3.8,100.0
955,42,Beginner,1,6,relationship,Yes,2.3,7.4,2.0,10.0,9.7,6.1,11,105,3.4,100.0
956,34,Beginner,1,5,finance,No,10.0,6.7,2.0,5.6,4.5,5.5,2,92,5.8,100.0
957,33,Intermediate,3,4,education,Yes,8.7,8.3,2.7,7.2,2.7,8.2,4,132,4.9,100.0
958,32,Beginner,1,3,finance,No,7.3,5.9,1.0,7.2,2.0,5.2,5,121,4.5,100.0
959,40,Intermediate,4,3,education,No,9.0,4.3,2.0,4.7,5.7,4.9,3,75,6.7,100.0
960,32,Advanced,7,6,relationship,Yes,10.0,4.1,6.8,5.5,4.7,8.0,4,90,5.8,100.0
961,22,Beginner,0,4,health,No,9.1,4.2,2.9,3.6,6.4,3.3,10,82,3.9,100.0
962,38,Intermediate,4,6,finance,Yes,9.9,7.5,3.4,4.9,6.3,5.4,6,135,6.7,100.0
963,31,Beginner,0,3,health,No,7.7,7.3,1.0,1.0,2.8,5.2,2,80,6.7,100.0
964,19,Expert,9,4,finance,No,6.7,6.5,4.1,8.6,2.4,10.0,3,84,3.1,100.0
965,28,Intermediate,4,9,career,No,6.0,9.0,4.4,10.0,6.6,9.1,9,169,4.6,100.0
966,36,Advanced,5,5,finance,No,5.3,9.5,6.4,7.1,6.3,8.0,6,183,5.5,100.0
967,24,Intermediate,2,7,career,No,5.6,6.5,7.8,2.8,5.1,6.1,12,166,6.7,100.0
968,23,Beginner,1,10,travel,Yes,4.7,4.7,6.9,4.9,2.7,3.5,10,127,6.4,100.0
969,45,Intermediate,3,2,travel,Yes,7.2,6.7,1.3,5.6,6.9,6.4,9,144,5.8,100.0
970,19,Expert,10,5,relationship,No,3.1,5.2,5.0,5.6,8.5,7.3,2,72,3.8,100.0
971,23,Intermediate,3,9,purchase,No,6.2,3.7,7.7,7.5,6.6,7.5,7,87,2.4,100.0
972,35,Advanced,6,3,finance,No,6.9,6.4,1.0,8.6,4.3,8.0,12,166,2.1,100.0
973,19,Advanced,5,9,purchase,No,6.1,3.8,5.0,4.5,6.1,6.9,8,78,3.4,100.0
974,35,Beginner,0,6,education,No,5.6,5.9,1.7,7.5,3.3,5.7,5,121,7.0,100.0
975,32,Beginner,0,4,travel,No,10.0,5.8,3.3,9.1,8.1,7.0,9,126,2.7,100.0
976,44,Intermediate,2,7,relationship,No,9.2,6.5,5.7,10.0,6.2,5.1,9,157,2.7,100.0
977,36,Intermediate,2,8,purchase,No,3.3,5.4,2.9,10.0,2.5,6.9,8,140,3.6,100.0
978,19,Advanced,8,6,finance,No,7.5,6.0,3.1,5.5,5.4,9.8,12,124,4.2,100.0
979,37,Advanced,6,5,travel,Yes,6.2,9.6,1.0,10.0,6.9,8.9,5,145,4.4,100.0
980,42,Intermediate,3,6,career,No,5.0,5.4,2.4,5.8,5.3,6.2,7,102,6.5,100.0
981,23,Beginner,1,5,health,No,4.7,5.2,4.2,5.0,5.4,9.5,7,82,4.9,100.0
982,18,Advanced,7,8,purchase,No,6.7,5.4,4.0,7.8,3.6,4.9,8,104,3.8,100.0
983,41,Beginner,1,1,purchase,No,4.4,3.5,1.0,5.0,7.1,3.4,7,138,4.4,100.0
984,32,Advanced,8,7,career,No,8.9,7.5,1.8,8.1,4.7,10.0,3,129,3.4,100.0
985,45,Intermediate,2,10,travel,No,8.4,3.0,6.8,3.7,1.7,5.5,9,134,5.7,100.0
986,40,Intermediate,4,10,career,No,9.7,9.2,6.4,6.2,5.3,6.1,5,166,6.1,100.0
987,27,Beginner,1,2,health,No,5.7,8.9,1.0,8.7,8.0,4.6,10,163,3.6,100.0
988,36,Intermediate,4,9,finance,No,8.0,5.1,5.5,6.6,5.2,7.6,9,118,4.0,100.0
989,34,Intermediate,2,1,finance,No,8.3,5.1,1.0,6.6,9.5,7.5,4,106,2.3,100.0
990,22,Intermediate,2,10,health,No,6.5,10.0,5.1,7.3,6.9,4.4,4,162,9.5,100.0
991,21,Beginner,1,6,relationship,No,5.0,5.0,1.4,8.5,6.7,6.6,9,114,2.5,100.0
992,27,Advanced,6,9,career,No,10.0,5.7,8.9,3.0,5.7,5.1,3,69,6.0,100.0
993,41,Advanced,6,1,career,No,7.5,3.4,1.0,8.2,5.9,8.1,10,170,2.9,100.0
994,34,Beginner,0,4,relationship,No,7.8,5.6,2.4,5.5,5.5,3.4,5,105,5.4,100.0
995,27,Beginner,1,4,purchase,No,4.2,4.4,4.3,6.5,5.4,8.7,7,99,3.2,100.0
996,34,Beginner,1,9,education,No,4.2,7.6,10.0,7.6,7.1,8.4,4,128,5.2,100.0
997,45,Intermediate,3,5,career,No,5.9,4.8,1.1,4.1,4.1,5.0,4,87,7.3,100.0
998,37,Intermediate,3,5,relationship,No,6.3,3.8,4.0,4.5,3.8,5.4,4,81,5.7,100.0
999,41,Intermediate,2,6,career,No,4.9,7.7,2.7,2.5,3.8,4.7,12,198,9.2,100.0
1000,22,Beginner,1,1,career,No,7.0,8.6,1.0,5.1,10.0,4.1,11,177,5.8,100.0
